"","acs_occ_code","label","OCC2010_cps","major_cat","OCC2010_desc","OCC2010","SOC2010","SOC_major","SOC_minor","SOC_broad"
"1",10,"chief executives and legislators",10,NA,"Chief executives",10,"11-1011","11","11-1000","11-1010"
"2",20,"general and operations managers",20,NA,"General and operations managers",20,"11-1021","11","11-1000","11-1020"
"3",40,"advertising and promotions managers",30,NA,"Advertising and promotions managers",40,"11-2011","11","11-2000","11-2010"
"4",50,"marketing and sales managers",30,NA,"Marketing and sales managers",50,"11-2020","11","11-2000","11-2020"
"5",60,"public relations and fundraising managers",30,NA,"Public relations and fundraising managers",60,"11-2031","11","11-2000","11-2030"
"6",100,"administrative services managers",100,NA,"Administrative services managers",100,"11-3011","11","11-3000","11-3010"
"7",110,"computer and information systems managers",110,NA,"Computer and information systems managers",110,"11-3021","11","11-3000","11-3020"
"8",120,"financial managers",120,NA,"Financial managers",120,"11-3031","11","11-3000","11-3030"
"9",135,"compensation and benefits managers",130,NA,"Compensation and benefits managers",135,"11-3111","11","11-3000","11-3110"
"10",136,"human resources managers",130,NA,"Human resources managers",136,"11-3121","11","11-3000","11-3120"
"11",137,"training and development managers",130,NA,"Training and development managers",137,"11-3131","11","11-3000","11-3130"
"12",140,"industrial production managers",140,NA,"Industrial production managers",140,"11-3051","11","11-3000","11-3050"
"13",150,"purchasing managers",150,NA,"Purchasing managers",150,"11-3061","11","11-3000","11-3060"
"14",160,"transportation, storage, and distribution managers",160,NA,"Transportation, storage, and distribution managers",160,"11-3071","11","11-3000","11-3070"
"15",205,"farmers, ranchers, and other agricultural managers",205,NA,"Farmers, ranchers, and other agricultural managers",205,"11-9013","11","11-9000","11-9010"
"16",220,"construction managers",220,NA,"Construction managers",220,"11-9021","11","11-9000","11-9020"
"17",230,"education administrators",230,NA,"Education administrators",230,"11-9030","11","11-9000","11-9030"
"18",300,"architectural and engineering managers",300,NA,"Architectural and engineering managers",300,"11-9041","11","11-9000","11-9040"
"19",310,"food service managers",310,NA,"Food service managers",310,"11-9051","11","11-9000","11-9050"
"20",330,"gaming managers",330,NA,"Gaming managers",330,"11-9071","11","11-9000","11-9070"
"21",340,"lodging managers",330,NA,"Lodging managers",340,"11-9081","11","11-9000","11-9080"
"22",350,"medical and health services managers",350,NA,"Medical and health services managers",350,"11-9111","11","11-9000","11-9110"
"23",360,"natural sciences managers",360,NA,"Natural sciences managers",360,"11-9121","11","11-9000","11-9120"
"24",410,"property, real estate, and community association managers",410,NA,"Property, real estate, and community association managers",410,"11-9141","11","11-9000","11-9140"
"25",420,"social and community service managers",420,NA,"Social and community service managers",420,"11-9151","11","11-9000","11-9150"
"26",425,"emergency management directors",420,NA,"Emergency management directors",425,"11-9161","11","11-9000","11-9160"
"27",430,"miscellaneous managers, including funeral service managers and postmasters and mail superintendents",430,NA,"Managers, all other",430,"11-9199","11","11-9000","11-9190"
"28",500,"agents and business managers of artists, performers, and athletes",500,NA,"Agents and business managers of artists, performers, and athletes",500,"13-1011","13","13-1000","13-1010"
"29",510,"buyers and purchasing agents, farm products",510,NA,"Buyers and purchasing agents, farm products",510,"13-1021","13","13-1000","13-1020"
"30",520,"wholesale and retail buyers, except farm products",520,NA,"Wholesale and retail buyers, except farm products",520,"13-1022","13","13-1000","13-1020"
"31",530,"purchasing agents, except wholesale, retail, and farm products",530,NA,"Purchasing agents, except wholesale, retail, and farm products",530,"13-1023","13","13-1000","13-1020"
"32",540,"claims adjusters, appraisers, examiners, and investigators",540,NA,"Claims adjusters, appraisers, examiners, and investigators",540,"13-1030","13","13-1000","13-1030"
"33",565,"compliance officers",560,NA,"Compliance officers",565,"13-1041","13","13-1000","13-1040"
"34",600,"cost estimators",600,NA,"Cost estimators",600,"13-1051","13","13-1000","13-1050"
"35",630,"human resources workers",620,NA,"Human resources workers",630,"13-1070","13","13-1000","13-1070"
"36",640,"compensation, benefits, and job analysis specialists",620,NA,"Compensation, benefits, and job analysis specialists",640,"13-1141","13","13-1000","13-1140"
"37",650,"training and development specialists",620,NA,"Training and development specialists",650,"13-1151","13","13-1000","13-1150"
"38",700,"logisticians",700,NA,"Logisticians",700,"13-1081","13","13-1000","13-1080"
"39",710,"management analysts",710,NA,"Management analysts",710,"13-1111","13","13-1000","13-1110"
"40",725,"meeting, convention, and event planners",720,NA,"Meeting, convention, and event planners",725,"13-1121","13","13-1000","13-1120"
"41",726,"fundraisers",720,NA,"Fundraisers",726,"13-1131","13","13-1000","13-1130"
"42",735,"market research analysts and marketing specialists",730,NA,"Market research analysts and marketing specialists",735,"13-1161","13","13-1000","13-1160"
"43",740,"business operations specialists, all other",730,NA,"Business operations specialists, all other",740,"13-1199","13","13-1000","13-1190"
"44",800,"accountants and auditors",800,NA,"Accountants and auditors",800,"13-2011","13","13-2000","13-2010"
"45",810,"appraisers and assessors of real estate",810,NA,"Appraisers and assessors of real estate",810,"13-2021","13","13-2000","13-2020"
"46",820,"budget analysts",820,NA,"Budget analysts",820,"13-2031","13","13-2000","13-2030"
"47",830,"credit analysts",830,NA,"Credit analysts",830,"13-2041","13","13-2000","13-2040"
"48",840,"financial analysts",840,NA,"Financial analysts",840,"13-2051","13","13-2000","13-2050"
"49",850,"personal financial advisors",850,NA,"Personal financial advisors",850,"13-2052","13","13-2000","13-2050"
"50",860,"insurance underwriters",860,NA,"Insurance underwriters",860,"13-2053","13","13-2000","13-2050"
"51",900,"financial examiners",900,NA,"Financial examiners",900,"13-2061","13","13-2000","13-2060"
"52",910,"credit counselors and loan officers",910,NA,"Credit counselors and loan officers",910,"13-2070","13","13-2000","13-2070"
"53",930,"tax examiners and collectors, and revenue agents",930,NA,"Tax examiners and collectors, and revenue agents",930,"13-2081","13","13-2000","13-2080"
"54",940,"tax preparers",940,NA,"Tax preparers",940,"13-2082","13","13-2000","13-2080"
"55",950,"financial specialists, all other",950,NA,"Financial specialists, all other",950,"13-2099","13","13-2000","13-2090"
"56",1005,"computer and information research scientists",1000,NA,"Computer and information research scientists",1005,"15-1111","15","15-1000","15-1110"
"57",1006,"computer systems analysts",1000,NA,"Computer systems analysts",1006,"15-1121","15","15-1000","15-1120"
"58",1007,"information security analysts",1000,NA,"Information security analysts",1007,"15-1122","15","15-1000","15-1120"
"59",1010,"computer programmers",1010,NA,"Computer programmers",1010,"15-1131","15","15-1000","15-1130"
"60",1020,"software developers, applications and systems software",1020,NA,"Software developers, applications and systems software",1020,"15-113X","15","15-1000","15-1130"
"61",1030,"web developers",1020,NA,"Web developers",1030,"15-1134","15","15-1000","15-1130"
"62",1050,"computer support specialists",1050,NA,"Computer support specialists",1050,"15-1150","15","15-1000","15-1150"
"63",1060,"database administrators",1060,NA,"Database administrators",1060,"15-1141","15","15-1000","15-1140"
"64",1105,"network and computer systems administrators",1100,NA,"Network and computer systems administrators",1105,"15-1142","15","15-1000","15-1140"
"65",1106,"computer network architects ",1100,NA,"Computer network architects",1106,"15-1143","15","15-1000","15-1140"
"66",1107,"computer occupations, all other",1100,NA,"Computer occupations, all other",1107,"15-1199","15","15-1000","15-1190"
"67",1200,"actuaries",1200,NA,"Actuaries",1200,"15-2011","15","15-2000","15-2010"
"68",1220,"operations research analysts",1220,NA,"Operations research analysts",1220,"15-2031","15","15-2000","15-2030"
"69",1240,"miscellaneous mathematical science occupations, including mathematicians and statisticians",1240,NA,"Miscellaneous mathematical science occupations",1240,"15-2090","15","15-2000","15-2090"
"70",1300,"architects, except naval",1300,NA,"Architects, except naval",1300,"17-1010","17","17-1000","17-1010"
"71",1310,"surveyors, cartographers, and photogrammetrists",1310,NA,"Surveyors, cartographers, and photogrammetrists",1310,"17-1020","17","17-1000","17-1020"
"72",1320,"aerospace engineers",1320,NA,"Aerospace engineers",1320,"17-2011","17","17-2000","17-2010"
"73",1340,"biomedical and agricultural engineers",1320,NA,"Biomedical engineers",1340,"17-2031","17","17-2000","17-2030"
"74",1350,"chemical engineers",1350,NA,"Chemical engineers",1350,"17-2041","17","17-2000","17-2040"
"75",1360,"civil engineers",1360,NA,"Civil engineers",1360,"17-2051","17","17-2000","17-2050"
"76",1400,"computer hardware engineers",1400,NA,"Computer hardware engineers",1400,"17-2061","17","17-2000","17-2060"
"77",1410,"electrical and electronics engineers",1410,NA,"Electrical and electronics engineers",1410,"17-2070","17","17-2000","17-2070"
"78",1420,"environmental engineers",1420,NA,"Environmental engineers",1420,"17-2081","17","17-2000","17-2080"
"79",1430,"industrial engineers, including health and safety",1430,NA,"Industrial engineers, including health and safety",1430,"17-2110","17","17-2000","17-2110"
"80",1440,"marine engineers and naval architects",1440,NA,"Marine engineers and naval architects",1440,"17-2121","17","17-2000","17-2120"
"81",1450,"materials engineers",1450,NA,"Materials engineers",1450,"17-2131","17","17-2000","17-2130"
"82",1460,"mechanical engineers",1460,NA,"Mechanical engineers",1460,"17-2141","17","17-2000","17-2140"
"83",1520,"petroleum, mining and geological engineers, including mining safety engineers",1520,NA,"Petroleum engineers",1520,"17-2171","17","17-2000","17-2170"
"84",1530,"miscellaneous engineers, including nuclear engineers",1530,NA,"Engineers, all other",1530,"17-2199","17","17-2000","17-2190"
"85",1540,"drafters",1540,NA,"Drafters",1540,"17-3010","17","17-3000","17-3010"
"86",1550,"engineering technicians, except drafters",1550,NA,"Engineering technicians, except drafters",1550,"17-3020","17","17-3000","17-3020"
"87",1560,"surveying and mapping technicians",1560,NA,"Surveying and mapping technicians",1560,"17-3031","17","17-3000","17-3030"
"88",1600,"agricultural and food scientists",1600,NA,"Agricultural and food scientists",1600,"19-1010","19","19-1000","19-1010"
"89",1610,"biological scientists",1610,NA,"Biological scientists",1610,"19-1020","19","19-1000","19-1020"
"90",1640,"conservation scientists and foresters",1640,NA,"Conservation scientists and foresters",1640,"19-1030","19","19-1000","19-1030"
"91",1650,"medical scientists, and life scientists, all other",1650,NA,"Medical scientists",1650,"19-1040","19","19-1000","19-1040"
"92",1700,"astronomers and physicists",1700,NA,"Astronomers and physicists",1700,"19-2010","19","19-2000","19-2010"
"93",1710,"atmospheric and space scientists",1710,NA,"Atmospheric and space scientists",1710,"19-2021","19","19-2000","19-2020"
"94",1720,"chemists and materials scientists",1720,NA,"Chemists and materials scientists",1720,"19-2030","19","19-2000","19-2030"
"95",1740,"environmental scientists and geoscientists",1740,NA,"Environmental scientists and geoscientists",1740,"19-2040","19","19-2000","19-2040"
"96",1760,"physical scientists, all other",1760,NA,"Physical scientists, all other",1760,"19-2099","19","19-2000","19-2090"
"97",1800,"economists",1800,NA,"Economists",1800,"19-3011","19","19-3000","19-3010"
"98",1820,"psychologists",1820,NA,"Psychologists",1820,"19-3030","19","19-3000","19-3030"
"99",1840,"urban and regional planners",1840,NA,"Urban and regional planners",1840,"19-3051","19","19-3000","19-3050"
"100",1860,"miscellaneous social scientists, including survey researchers and sociologists",1840,NA,"Miscellaneous social scientists and related workers",1860,"19-3090","19","19-3000","19-3090"
"101",1900,"agricultural and food science technicians",1900,NA,"Agricultural and food science technicians",1900,"19-4011","19","19-4000","19-4010"
"102",1910,"biological technicians",1910,NA,"Biological technicians",1910,"19-4021","19","19-4000","19-4020"
"103",1920,"chemical technicians",1920,NA,"Chemical technicians",1920,"19-4031","19","19-4000","19-4030"
"104",1930,"geological and petroleum technicians, and nuclear technicians",1930,NA,"Geological and petroleum technicians",1930,"19-4041","19","19-4000","19-4040"
"105",1965,"miscellaneous life, physical, and social science technicians, including social science research assistants",1960,NA,"Miscellaneous life, physical, and social science technicians",1965,"19-4090","19","19-4000","19-4090"
"106",2000,"counselors",2000,NA,"Counselors",2000,"21-1010","21","21-1000","21-1010"
"107",2010,"social workers",2010,NA,"Social workers",2010,"21-1020","21","21-1000","21-1020"
"108",2015,"probation officers and correctional treatment specialists",2010,NA,"Probation officers and correctional treatment specialists",2015,"21-1092","21","21-1000","21-1090"
"109",2016,"social and human service assistants",2010,NA,"Social and human service assistants",2016,"21-1093","21","21-1000","21-1090"
"110",2025,"miscellaneous community and social service specialists, including health educators and community health workers",2020,NA,"Miscellaneous community and social service specialists, including health educators and community health workers",2025,"21-109X","21","21-1000","21-1090"
"111",2040,"clergy",2040,NA,"Clergy",2040,"21-2011","21","21-2000","21-2010"
"112",2050,"directors, religious activities and education",2050,NA,"Directors, religious activities and education",2050,"21-2021","21","21-2000","21-2020"
"113",2100,"lawyers, and judges, magistrates, and other judicial workers",2100,NA,"Lawyers",2100,"23-1011","23","23-1000","23-1010"
"114",2105,"judicial law clerks",2100,NA,"Judicial law clerks",2105,"23-1012","23","23-1000","23-1010"
"115",2145,"paralegals and legal assistants",2140,NA,"Paralegals and legal assistants",2145,"23-2011","23","23-2000","23-2010"
"116",2160,"miscellaneous legal support workers",2150,NA,"Miscellaneous legal support workers",2160,"23-2090","23","23-2000","23-2090"
"117",2200,"postsecondary teachers",2200,NA,"Postsecondary teachers",2200,"25-1000","25","25-1000","25-1000"
"118",2300,"preschool and kindergarten teachers",2300,NA,"Preschool and kindergarten teachers",2300,"25-2010","25","25-2000","25-2010"
"119",2310,"elementary and middle school teachers",2310,NA,"Elementary and middle school teachers",2310,"25-2020","25","25-2000","25-2020"
"120",2320,"secondary school teachers",2320,NA,"Secondary school teachers",2320,"25-2030","25","25-2000","25-2030"
"121",2330,"special education teachers",2330,NA,"Special education teachers",2330,"25-2050","25","25-2000","25-2050"
"122",2340,"other teachers and instructors",2340,NA,"Other teachers and instructors",2340,"25-3000","25","25-3000","25-3000"
"123",2400,"archivists, curators, and museum technicians",2400,NA,"Archivists, curators, and museum technicians",2400,"25-4010","25","25-4000","25-4010"
"124",2430,"librarians",2430,NA,"Librarians",2430,"25-4021","25","25-4000","25-4020"
"125",2440,"library technicians",2440,NA,"Library technicians",2440,"25-4031","25","25-4000","25-4030"
"126",2540,"teacher assistants",2540,NA,"Teacher assistants",2540,"25-9041","25","25-9000","25-9040"
"127",2550,"other education, training, and library workers",2550,NA,"Other education, training, and library workers",2550,"25-90XX","25","25-9000","25-90X0"
"128",2600,"artists and related workers",2600,NA,"Artists and related workers",2600,"27-1010","27","27-1000","27-1010"
"129",2630,"designers",2630,NA,"Designers",2630,"27-1020","27","27-1000","27-1020"
"130",2700,"actors",2700,NA,"Actors",2700,"27-2011","27","27-2000","27-2010"
"131",2710,"producers and directors",2700,NA,"Producers and directors",2710,"27-2012","27","27-2000","27-2010"
"132",2720,"athletes, coaches, umpires, and related workers",2720,NA,"Athletes, coaches, umpires, and related workers",2720,"27-2020","27","27-2000","27-2020"
"133",2740,"dancers and choreographers",2740,NA,"Dancers and choreographers",2740,"27-2030","27","27-2000","27-2030"
"134",2750,"musicians, singers, and related workers",2750,NA,"Musicians, singers, and related workers",2750,"27-2040","27","27-2000","27-2040"
"135",2800,"announcers",2800,NA,"Announcers",2800,"27-3010","27","27-3000","27-3010"
"136",2810,"news analysts, reporters and correspondents",2810,NA,"News analysts, reporters and correspondents",2810,"27-3020","27","27-3000","27-3020"
"137",2825,"public relations specialists",2825,NA,"Public relations specialists",2825,"27-3031","27","27-3000","27-3030"
"138",2830,"editors",2825,NA,"Editors",2830,"27-3041","27","27-3000","27-3040"
"139",2840,"technical writers",2840,NA,"Technical writers",2840,"27-3042","27","27-3000","27-3040"
"140",2850,"writers and authors",2850,NA,"Writers and authors",2850,"27-3043","27","27-3000","27-3040"
"141",2860,"miscellaneous media and communication workers",2860,NA,"Miscellaneous media and communication workers",2860,"27-3090","27","27-3000","27-3090"
"142",2900,"broadcast and sound engineering technicians and radio operators, and media and communication equipment workers, all other",2900,NA,"Broadcast and sound engineering technicians and radio operators",2900,"27-4010","27","27-4000","27-4010"
"143",2910,"photographers",2910,NA,"Photographers",2910,"27-4021","27","27-4000","27-4020"
"144",2920,"television, video, and motion picture camera operators and editors",2920,NA,"Television, video, and motion picture camera operators and editors",2920,"27-4030","27","27-4000","27-4030"
"145",3000,"chiropractors",3000,NA,"Chiropractors",3000,"29-1011","29","29-1000","29-1010"
"146",3010,"dentists",3010,NA,"Dentists",3010,"29-1020","29","29-1000","29-1020"
"147",3030,"dietitians and nutritionists",3030,NA,"Dietitians and nutritionists",3030,"29-1031","29","29-1000","29-1030"
"148",3040,"optometrists",3040,NA,"Optometrists",3040,"29-1041","29","29-1000","29-1040"
"149",3050,"pharmacists",3050,NA,"Pharmacists",3050,"29-1051","29","29-1000","29-1050"
"150",3060,"physicians and surgeons",3060,NA,"Physicians and surgeons",3060,"29-1060","29","29-1000","29-1060"
"151",3110,"physician assistants",3110,NA,"Physician assistants",3110,"29-1071","29","29-1000","29-1070"
"152",3120,"podiatrists",3120,NA,"Podiatrists",3120,"29-1081","29","29-1000","29-1080"
"153",3140,"audiologists",3140,NA,"Audiologists",3140,"29-1181","29","29-1000","29-1180"
"154",3150,"occupational therapists",3150,NA,"Occupational therapists",3150,"29-1122","29","29-1000","29-1120"
"155",3160,"physical therapists",3160,NA,"Physical therapists",3160,"29-1123","29","29-1000","29-1120"
"156",3200,"radiation therapists",3200,NA,"Radiation therapists",3200,"29-1124","29","29-1000","29-1120"
"157",3210,"recreational therapists",3210,NA,"Recreational therapists",3210,"29-1125","29","29-1000","29-1120"
"158",3220,"respiratory therapists",3220,NA,"Respiratory therapists",3220,"29-1126","29","29-1000","29-1120"
"159",3230,"speech-language pathologists",3230,NA,"Speech-language pathologists",3230,"29-1127","29","29-1000","29-1120"
"160",3245,"other therapists, including exercise physiologists",3240,NA,"Therapists, all other",3245,"29-1129","29","29-1000","29-1120"
"161",3250,"veterinarians",3250,NA,"Veterinarians",3250,"29-1131","29","29-1000","29-1130"
"162",3255,"registered nurses",3250,NA,"Registered nurses",3255,"29-1141","29","29-1000","29-1140"
"163",3256,"nurse anesthetists",3250,NA,"Nurse anesthetists",3256,"29-1151","29","29-1000","29-1150"
"164",3258,"nurse practitioners and nurse midwives",3250,NA,"Nurse practitioners",3258,"29-1171","29","29-1000","29-1170"
"165",3260,"health diagnosing and treating practitioners, all other",3260,NA,"Health diagnosing and treating practitioners, all other",3260,"29-1199","29","29-1000","29-1190"
"166",3300,"clinical laboratory technologists and technicians",3300,NA,"Clinical laboratory technologists and technicians",3300,"29-2010","29","29-2000","29-2010"
"167",3310,"dental hygienists",3310,NA,"Dental hygienists",3310,"29-2021","29","29-2000","29-2020"
"168",3320,"diagnostic related technologists and technicians",3320,NA,"Diagnostic related technologists and technicians",3320,"29-2030","29","29-2000","29-2030"
"169",3400,"emergency medical technicians and paramedics",3400,NA,"Emergency medical technicians and paramedics",3400,"29-2041","29","29-2000","29-2040"
"170",3420,"health practitioner support technologists and technicians",3410,NA,"Health practitioner support technologists and technicians",3420,"29-2050","29","29-2000","29-2050"
"171",3500,"licensed practical and licensed vocational nurses",3500,NA,"Licensed practical and licensed vocational nurses",3500,"29-2061","29","29-2000","29-2060"
"172",3510,"medical records and health information technicians",3510,NA,"Medical records and health information technicians",3510,"29-2071","29","29-2000","29-2070"
"173",3520,"opticians, dispensing",3520,NA,"Opticians, dispensing",3520,"29-2081","29","29-2000","29-2080"
"174",3535,"miscellaneous health technologists and technicians",3530,NA,"Miscellaneous health technologists and technicians",3535,"29-2090","29","29-2000","29-2090"
"175",3540,"other healthcare practitioners and technical occupations",3540,NA,"Other healthcare practitioners and technical occupations",3540,"29-9000","29","29-9000","29-9000"
"176",3600,"nursing, psychiatric, and home health aides",3600,NA,"Nursing, psychiatric, and home health aides",3600,"31-1010","31","31-1000","31-1010"
"177",3610,"occupational therapy assistants and aides",3610,NA,"Occupational therapy assistants and aides",3610,"31-2010","31","31-2000","31-2010"
"178",3620,"physical therapist assistants and aides",3620,NA,"Physical therapist assistants and aides",3620,"31-2020","31","31-2000","31-2020"
"179",3630,"massage therapists",3630,NA,"Massage therapists",3630,"31-9011","31","31-9000","31-9010"
"180",3640,"dental assistants",3640,NA,"Dental assistants",3640,"31-9091","31","31-9000","31-9090"
"181",3645,"medical assistants",3640,NA,"Medical assistants",3645,"31-9092","31","31-9000","31-9090"
"182",3646,"medical transcriptionists",3640,NA,"Medical transcriptionists",3646,"31-9094","31","31-9000","31-9090"
"183",3647,"pharmacy aides",3640,NA,"Pharmacy aides",3647,"31-9095","31","31-9000","31-9090"
"184",3648,"veterinary assistants and laboratory animal caretakers",3640,NA,"Veterinary assistants and laboratory animal caretakers",3648,"31-9096","31","31-9000","31-9090"
"185",3649,"phlebotomists",3640,NA,"Phlebotomists",3649,"31-9097","31","31-9000","31-9090"
"186",3655,"healthcare support workers, all other, including medical equipment preparers",3650,NA,"Healthcare support workers, all other, including medical equipment preparers",3655,"31-909X","31","31-9000","31-9090"
"187",3700,"first-line supervisors of correctional officers",3700,NA,"First-line supervisors of correctional officers",3700,"33-1011","33","33-1000","33-1010"
"188",3710,"first-line supervisors of police and detectives",3710,NA,"First-line supervisors of police and detectives",3710,"33-1012","33","33-1000","33-1010"
"189",3720,"first-line supervisors of fire fighting and prevention workers",3720,NA,"First-line supervisors of fire fighting and prevention workers",3720,"33-1021","33","33-1000","33-1020"
"190",3740,"firefighters",3740,NA,"Firefighters",3740,"33-2011","33","33-2000","33-2010"
"191",3750,"fire inspectors",3750,NA,"Fire inspectors",3750,"33-2020","33","33-2000","33-2020"
"192",3800,"bailiffs, correctional officers, and jailers",3800,NA,"Bailiffs, correctional officers, and jailers",3800,"33-3010","33","33-3000","33-3010"
"193",3820,"detectives and criminal investigators",3820,NA,"Detectives and criminal investigators",3820,"33-3021","33","33-3000","33-3020"
"194",3840,"miscellaneous law enforcement workers",3820,NA,"Parking enforcement workers",3840,"33-3041","33","33-3000","33-3040"
"195",3850,"police officers",3820,NA,"Police and sheriff's patrol officers",3850,"33-3051","33","33-3000","33-3050"
"196",3900,"animal control workers",3900,NA,"Animal control workers",3900,"33-9011","33","33-9000","33-9010"
"197",3910,"private detectives and investigators",3910,NA,"Private detectives and investigators",3910,"33-9021","33","33-9000","33-9020"
"198",3930,"security guards and gaming surveillance officers",3930,NA,"Security guards and gaming surveillance officers",3930,"33-9030","33","33-9000","33-9030"
"199",3940,"crossing guards",3940,NA,"Crossing guards",3940,"33-9091","33","33-9000","33-9090"
"200",3945,"transportation security screeners",3940,NA,"Transportation security screeners",3945,"33-9093","33","33-9000","33-9090"
"201",3955,"lifeguards and other recreational, and all other protective service workers",3950,NA,"Lifeguards and other recreational, and all other protective service workers",3955,"33-909X","33","33-9000","33-9090"
"202",4000,"chefs and head cooks",4000,NA,"Chefs and head cooks",4000,"35-1011","35","35-1000","35-1010"
"203",4010,"first-line supervisors of food preparation and serving workers",4010,NA,"First-line supervisors of food preparation and serving workers",4010,"35-1012","35","35-1000","35-1010"
"204",4020,"cooks",4010,NA,"Cooks",4020,"35-2010","35","35-2000","35-2010"
"205",4030,"food preparation workers",4030,NA,"Food preparation workers",4030,"35-2021","35","35-2000","35-2020"
"206",4040,"bartenders",4040,NA,"Bartenders",4040,"35-3011","35","35-3000","35-3010"
"207",4050,"combined food preparation and serving workers, including fast food",4050,NA,"Combined food preparation and serving workers, including fast food",4050,"35-3021","35","35-3000","35-3020"
"208",4060,"counter attendants, cafeteria, food concession, and coffee shop",4060,NA,"Counter attendants, cafeteria, food concession, and coffee shop",4060,"35-3022","35","35-3000","35-3020"
"209",4110,"waiters and waitresses",4110,NA,"Waiters and waitresses",4110,"35-3031","35","35-3000","35-3030"
"210",4120,"food servers, nonrestaurant",4120,NA,"Food servers, nonrestaurant",4120,"35-3041","35","35-3000","35-3040"
"211",4130,"miscellaneous food preparation and serving related workers, including dining room and cafeteria attendants and bartender helpers",4130,NA,"Dining room and cafeteria attendants and bartender helpers",4130,"35-9011","35","35-9000","35-9010"
"212",4140,"dishwashers",4140,NA,"Dishwashers",4140,"35-9021","35","35-9000","35-9020"
"213",4150,"hosts and hostesses, restaurant, lounge, and coffee shop",4150,NA,"Hosts and hostesses, restaurant, lounge, and coffee shop",4150,"35-9031","35","35-9000","35-9030"
"214",4200,"first-line supervisors of housekeeping and janitorial workers",4200,NA,"First-line supervisors of housekeeping and janitorial workers",4200,"37-1011","37","37-1000","37-1010"
"215",4210,"first-line supervisors of landscaping, lawn service, and groundskeeping workers",4210,NA,"First-line supervisors of landscaping, lawn service, and groundskeeping workers",4210,"37-1012","37","37-1000","37-1010"
"216",4220,"janitors and building cleaners",4220,NA,"Janitors and building cleaners",4220,"37-201X","37","37-2000","37-2010"
"217",4230,"maids and housekeeping cleaners",4230,NA,"Maids and housekeeping cleaners",4230,"37-2012","37","37-2000","37-2010"
"218",4240,"pest control workers",4240,NA,"Pest control workers",4240,"37-2021","37","37-2000","37-2020"
"219",4250,"grounds maintenance workers",4250,NA,"Grounds maintenance workers",4250,"37-3010","37","37-3000","37-3010"
"220",4300,"first-line supervisors of gaming workers",4300,NA,"First-line supervisors of gaming workers",4300,"39-1010","39","39-1000","39-1010"
"221",4320,"first-line supervisors of personal service workers",4320,NA,"First-line supervisors of personal service workers",4320,"39-1021","39","39-1000","39-1020"
"222",4340,"animal trainers",4340,NA,"Animal trainers",4340,"39-2011","39","39-2000","39-2010"
"223",4350,"nonfarm animal caretakers",4350,NA,"Nonfarm animal caretakers",4350,"39-2021","39","39-2000","39-2020"
"224",4400,"gaming services workers",4400,NA,"Gaming services workers",4400,"39-3010","39","39-3000","39-3010"
"225",4410,"motion picture projectionists",4400,NA,"Motion picture projectionists",4410,"39-3021","39","39-3000","39-3020"
"226",4420,"ushers, lobby attendants, and ticket takers",4420,NA,"Ushers, lobby attendants, and ticket takers",4420,"39-3031","39","39-3000","39-3030"
"227",4430,"miscellaneous entertainment attendants and related workers",4430,NA,"Miscellaneous entertainment attendants and related workers",4430,"39-3090","39","39-3000","39-3090"
"228",4460,"embalmers and funeral attendants",4460,NA,"Embalmers and funeral attendants",4460,"39-40XX","39","39-4000","39-40X0"
"229",4465,"morticians, undertakers, and funeral directors",4460,NA,"Morticians, undertakers, and funeral directors",4465,"39-4031","39","39-4000","39-4030"
"230",4500,"barbers",4500,NA,"Barbers",4500,"39-5011","39","39-5000","39-5010"
"231",4510,"hairdressers, hairstylists, and cosmetologists",4510,NA,"Hairdressers, hairstylists, and cosmetologists",4510,"39-5012","39","39-5000","39-5010"
"232",4520,"miscellaneous personal appearance workers",4520,NA,"Miscellaneous personal appearance workers",4520,"39-5090","39","39-5000","39-5090"
"233",4530,"baggage porters, bellhops, and concierges",4530,NA,"Baggage porters, bellhops, and concierges",4530,"39-6010","39","39-6000","39-6010"
"234",4540,"tour and travel guides",4540,NA,"Tour and travel guides",4540,"39-7010","39","39-7000","39-7010"
"235",4600,"childcare workers",4600,NA,"Childcare workers",4600,"39-9011","39","39-9000","39-9010"
"236",4610,"personal care aides",4610,NA,"Personal care aides",4610,"39-9021","39","39-9000","39-9020"
"237",4620,"recreation and fitness workers",4620,NA,"Recreation and fitness workers",4620,"39-9030","39","39-9000","39-9030"
"238",4640,"residential advisors",4640,NA,"Residential advisors",4640,"39-9041","39","39-9000","39-9040"
"239",4700,"first-line supervisors of retail sales workers",4700,NA,"First-line supervisors of retail sales workers",4700,"41-1011","41","41-1000","41-1010"
"240",4710,"first-line supervisors of non-retail sales workers",4700,NA,"First-line supervisors of non-retail sales workers",4710,"41-1012","41","41-1000","41-1010"
"241",4720,"cashiers",4720,NA,"Cashiers",4720,"41-2010","41","41-2000","41-2010"
"242",4740,"counter and rental clerks",4740,NA,"Counter and rental clerks",4740,"41-2021","41","41-2000","41-2020"
"243",4750,"parts salespersons",4750,NA,"Parts salespersons",4750,"41-2022","41","41-2000","41-2020"
"244",4760,"retail salespersons",4760,NA,"Retail salespersons",4760,"41-2031","41","41-2000","41-2030"
"245",4800,"advertising sales agents",4800,NA,"Advertising sales agents",4800,"41-3011","41","41-3000","41-3010"
"246",4810,"insurance sales agents",4810,NA,"Insurance sales agents",4810,"41-3021","41","41-3000","41-3020"
"247",4820,"securities, commodities, and financial services sales agents",4820,NA,"Securities, commodities, and financial services sales agents",4820,"41-3031","41","41-3000","41-3030"
"248",4830,"travel agents",4830,NA,"Travel agents",4830,"41-3041","41","41-3000","41-3040"
"249",4840,"sales representatives, services, all other",4840,NA,"Sales representatives, services, all other",4840,"41-3099","41","41-3000","41-3090"
"250",4850,"sales representatives, wholesale and manufacturing",4850,NA,"Sales representatives, wholesale and manufacturing",4850,"41-4010","41","41-4000","41-4010"
"251",4900,"models, demonstrators, and product promoters",4900,NA,"Models, demonstrators, and product promoters",4900,"41-9010","41","41-9000","41-9010"
"252",4920,"real estate brokers and sales agents",4920,NA,"Real estate brokers and sales agents",4920,"41-9020","41","41-9000","41-9020"
"253",4930,"sales engineers",4930,NA,"Sales engineers",4930,"41-9031","41","41-9000","41-9030"
"254",4940,"telemarketers",4940,NA,"Telemarketers",4940,"41-9041","41","41-9000","41-9040"
"255",4950,"door-to-door sales workers, news and street vendors, and related workers",4950,NA,"Door-to-door sales workers, news and street vendors, and related workers",4950,"41-9091","41","41-9000","41-9090"
"256",5000,"first-line supervisors of office and administrative support workers",5000,NA,"First-line supervisors of office and administrative support workers",5000,"43-1011","43","43-1000","43-1010"
"257",5010,"switchboard operators, including answering service",5010,NA,"Switchboard operators, including answering service",5010,"43-2011","43","43-2000","43-2010"
"258",5020,"telephone operators",5020,NA,"Telephone operators",5020,"43-2021","43","43-2000","43-2020"
"259",5100,"bill and account collectors",5100,NA,"Bill and account collectors",5100,"43-3011","43","43-3000","43-3010"
"260",5110,"billing and posting clerks ",5110,NA,"Billing and posting clerks",5110,"43-3021","43","43-3000","43-3020"
"261",5120,"bookkeeping, accounting, and auditing clerks",5120,NA,"Bookkeeping, accounting, and auditing clerks",5120,"43-3031","43","43-3000","43-3030"
"262",5130,"gaming cage workers",5130,NA,"Gaming cage workers",5130,"43-3041","43","43-3000","43-3040"
"263",5140,"payroll and timekeeping clerks",5140,NA,"Payroll and timekeeping clerks",5140,"43-3051","43","43-3000","43-3050"
"264",5150,"procurement clerks",5150,NA,"Procurement clerks",5150,"43-3061","43","43-3000","43-3060"
"265",5160,"tellers",5160,NA,"Tellers",5160,"43-3071","43","43-3000","43-3070"
"266",5200,"brokerage clerks",5200,NA,"Brokerage clerks",5200,"43-4011","43","43-4000","43-4010"
"267",5220,"court, municipal, and license clerks",5220,NA,"Court, municipal, and license clerks",5220,"43-4031","43","43-4000","43-4030"
"268",5230,"credit authorizers, checkers, and clerks",5230,NA,"Credit authorizers, checkers, and clerks",5230,"43-4041","43","43-4000","43-4040"
"269",5240,"customer service representatives",5240,NA,"Customer service representatives",5240,"43-4051","43","43-4000","43-4050"
"270",5250,"eligibility interviewers, government programs",5250,NA,"Eligibility interviewers, government programs",5250,"43-4061","43","43-4000","43-4060"
"271",5260,"file clerks",5260,NA,"File clerks",5260,"43-4071","43","43-4000","43-4070"
"272",5300,"hotel, motel, and resort desk clerks",5300,NA,"Hotel, motel, and resort desk clerks",5300,"43-4081","43","43-4000","43-4080"
"273",5310,"interviewers, except eligibility and loan",5310,NA,"Interviewers, except eligibility and loan",5310,"43-4111","43","43-4000","43-4110"
"274",5320,"library assistants, clerical",5320,NA,"Library assistants, clerical",5320,"43-4121","43","43-4000","43-4120"
"275",5330,"loan interviewers and clerks",5330,NA,"Loan interviewers and clerks",5330,"43-4131","43","43-4000","43-4130"
"276",5340,"new accounts clerks",5340,NA,"New accounts clerks",5340,"43-4141","43","43-4000","43-4140"
"277",5350,"correspondence clerks and order clerks",5350,NA,"Order clerks",5350,"43-4151","43","43-4000","43-4150"
"278",5360,"human resources assistants, except payroll and timekeeping",5360,NA,"Human resources assistants, except payroll and timekeeping",5360,"43-4161","43","43-4000","43-4160"
"279",5400,"receptionists and information clerks",5400,NA,"Receptionists and information clerks",5400,"43-4171","43","43-4000","43-4170"
"280",5410,"reservation and transportation ticket agents and travel clerks",5410,NA,"Reservation and transportation ticket agents and travel clerks",5410,"43-4181","43","43-4000","43-4180"
"281",5500,"cargo and freight agents",5500,NA,"Cargo and freight agents",5500,"43-5011","43","43-5000","43-5010"
"282",5510,"couriers and messengers",5510,NA,"Couriers and messengers",5510,"43-5021","43","43-5000","43-5020"
"283",5520,"dispatchers",5520,NA,"Dispatchers",5520,"43-5030","43","43-5000","43-5030"
"284",5530,"meter readers, utilities",5530,NA,"Meter readers, utilities",5530,"43-5041","43","43-5000","43-5040"
"285",5540,"postal service clerks",5540,NA,"Postal service clerks",5540,"43-5051","43","43-5000","43-5050"
"286",5550,"postal service mail carriers",5550,NA,"Postal service mail carriers",5550,"43-5052","43","43-5000","43-5050"
"287",5560,"postal service mail sorters, processors, and processing machine operators",5560,NA,"Postal service mail sorters, processors, and processing machine operators",5560,"43-5053","43","43-5000","43-5050"
"288",5600,"production, planning, and expediting clerks",5600,NA,"Production, planning, and expediting clerks",5600,"43-5061","43","43-5000","43-5060"
"289",5610,"shipping, receiving, and traffic clerks",5610,NA,"Shipping, receiving, and traffic clerks",5610,"43-5071","43","43-5000","43-5070"
"290",5620,"stock clerks and order fillers",5620,NA,"Stock clerks and order fillers",5620,"43-5081","43","43-5000","43-5080"
"291",5630,"weighers, measurers, checkers, and samplers, recordkeeping",5630,NA,"Weighers, measurers, checkers, and samplers, recordkeeping",5630,"43-5111","43","43-5000","43-5110"
"292",5700,"secretaries and administrative assistants",5700,NA,"Secretaries and administrative assistants",5700,"43-6010","43","43-6000","43-6010"
"293",5800,"computer operators",5800,NA,"Computer operators",5800,"43-9011","43","43-9000","43-9010"
"294",5810,"data entry keyers",5810,NA,"Data entry keyers",5810,"43-9021","43","43-9000","43-9020"
"295",5820,"word processors and typists",5820,NA,"Word processors and typists",5820,"43-9022","43","43-9000","43-9020"
"296",5840,"insurance claims and policy processing clerks",5840,NA,"Insurance claims and policy processing clerks",5840,"43-9041","43","43-9000","43-9040"
"297",5850,"mail clerks and mail machine operators, except postal service",5850,NA,"Mail clerks and mail machine operators, except postal service",5850,"43-9051","43","43-9000","43-9050"
"298",5860,"office clerks, general",5860,NA,"Office clerks, general",5860,"43-9061","43","43-9000","43-9060"
"299",5900,"office machine operators, except computer",5900,NA,"Office machine operators, except computer",5900,"43-9071","43","43-9000","43-9070"
"300",5910,"proofreaders and copy markers",5910,NA,"Proofreaders and copy markers",5910,"43-9081","43","43-9000","43-9080"
"301",5920,"statistical assistants",5920,NA,"Statistical assistants",5920,"43-9111","43","43-9000","43-9110"
"302",5940,"miscellaneous office and administrative support workers, including desktop publishers",5940,NA,"Office and administrative support workers, all other",5940,"43-9199","43","43-9000","43-9190"
"303",6005,"first-line supervisors of farming, fishing, and forestry workers",6005,NA,"First-line supervisors of farming, fishing, and forestry workers",6005,"45-1011","45","45-1000","45-1010"
"304",6010,"agricultural inspectors",6010,NA,"Agricultural inspectors",6010,"45-2011","45","45-2000","45-2010"
"305",6040,"graders and sorters, agricultural products",6040,NA,"Graders and sorters, agricultural products",6040,"45-2041","45","45-2000","45-2040"
"306",6050,"miscellaneous agricultural workers, including animal breeders",6050,NA,"Miscellaneous agricultural workers",6050,"45-2090","45","45-2000","45-2090"
"307",6100,"fishing and hunting workers",6100,NA,"Fishers and related fishing workers",6100,"45-3011","45","45-3000","45-3010"
"308",6120,"forest and conservation workers",6120,NA,"Forest and conservation workers",6120,"45-4011","45","45-4000","45-4010"
"309",6130,"logging workers",6130,NA,"Logging workers",6130,"45-4020","45","45-4000","45-4020"
"310",6200,"first-line supervisors of construction trades and extraction workers",6200,NA,"First-line supervisors of construction trades and extraction workers",6200,"47-1011","47","47-1000","47-1010"
"311",6210,"boilermakers",6210,NA,"Boilermakers",6210,"47-2011","47","47-2000","47-2010"
"312",6220,"brickmasons, blockmasons, stonemasons, and reinforcing iron and rebar workers",6220,NA,"Brickmasons, blockmasons, and stonemasons",6220,"47-2020","47","47-2000","47-2020"
"313",6230,"carpenters",6230,NA,"Carpenters",6230,"47-2031","47","47-2000","47-2030"
"314",6240,"carpet, floor, and tile installers and finishers",6240,NA,"Carpet, floor, and tile installers and finishers",6240,"47-2040","47","47-2000","47-2040"
"315",6250,"cement masons, concrete finishers, and terrazzo workers",6250,NA,"Cement masons, concrete finishers, and terrazzo workers",6250,"47-2050","47","47-2000","47-2050"
"316",6260,"construction laborers",6260,NA,"Construction laborers",6260,"47-2061","47","47-2000","47-2060"
"317",6300,"paving, surfacing, and tamping equipment operators",6300,NA,"Paving, surfacing, and tamping equipment operators",6300,"47-2071","47","47-2000","47-2070"
"318",6320,"construction equipment operators except paving, surfacing, and tamping equipment operators",6320,NA,"Operating engineers and other construction equipment operators",6320,"47-2073","47","47-2000","47-2070"
"319",6330,"drywall installers, ceiling tile installers, and tapers",6330,NA,"Drywall installers, ceiling tile installers, and tapers",6330,"47-2080","47","47-2000","47-2080"
"320",6355,"electricians",6355,NA,"Electricians",6355,"47-2111","47","47-2000","47-2110"
"321",6360,"glaziers",6360,NA,"Glaziers",6360,"47-2121","47","47-2000","47-2120"
"322",6400,"insulation workers",6400,NA,"Insulation workers",6400,"47-2130","47","47-2000","47-2130"
"323",6420,"painters and paperhangers",6420,NA,"Painters, construction and maintenance",6420,"47-2141","47","47-2000","47-2140"
"324",6440,"pipelayers, plumbers, pipefitters, and steamfitters",6440,NA,"Pipelayers, plumbers, pipefitters, and steamfitters",6440,"47-2150","47","47-2000","47-2150"
"325",6460,"plasterers and stucco masons",6460,NA,"Plasterers and stucco masons",6460,"47-2161","47","47-2000","47-2160"
"326",6515,"roofers",6515,NA,"Roofers",6515,"47-2181","47","47-2000","47-2180"
"327",6520,"sheet metal workers",6520,NA,"Sheet metal workers",6520,"47-2211","47","47-2000","47-2210"
"328",6530,"structural iron and steel workers",6530,NA,"Structural iron and steel workers",6530,"47-2221","47","47-2000","47-2220"
"329",6600,"helpers, construction trades",6600,NA,"Helpers, construction trades",6600,"47-3010","47","47-3000","47-3010"
"330",6660,"construction and building inspectors",6660,NA,"Construction and building inspectors",6660,"47-4011","47","47-4000","47-4010"
"331",6700,"elevator installers and repairers",6700,NA,"Elevator installers and repairers",6700,"47-4021","47","47-4000","47-4020"
"332",6710,"fence erectors",6710,NA,"Fence erectors",6710,"47-4031","47","47-4000","47-4030"
"333",6720,"hazardous materials removal workers",6720,NA,"Hazardous materials removal workers",6720,"47-4041","47","47-4000","47-4040"
"334",6730,"highway maintenance workers",6730,NA,"Highway maintenance workers",6730,"47-4051","47","47-4000","47-4050"
"335",6740,"rail-track laying and maintenance equipment operators",6740,NA,"Rail-track laying and maintenance equipment operators",6740,"47-4061","47","47-4000","47-4060"
"336",6765,"miscellaneous construction workers, including solar photovoltaic installers, septic tank servicers and sewer pipe cleaners",6765,NA,"Miscellaneous construction and related workers",6765,"47-4090","47","47-4000","47-4090"
"337",6800,"derrick, rotary drill, and service unit operators, and roustabouts, oil, gas, and mining",6800,NA,"Derrick, rotary drill, and service unit operators, oil, gas, and mining",6800,"47-5010","47","47-5000","47-5010"
"338",6820,"earth drillers, except oil and gas",6820,NA,"Earth drillers, except oil and gas",6820,"47-5021","47","47-5000","47-5020"
"339",6830,"explosives workers, ordnance handling experts, and blasters",6830,NA,"Explosives workers, ordnance handling experts, and blasters",6830,"47-5031","47","47-5000","47-5030"
"340",6840,"mining machine operators",6840,NA,"Mining machine operators",6840,"47-5040","47","47-5000","47-5040"
"341",6940,"miscellaneous extraction workers, including roof bolters and helpers",6940,NA,"Other extraction workers",6940,"47-50XX","47","47-5000","47-50X0"
"342",7000,"first-line supervisors of mechanics, installers, and repairers",7000,NA,"First-line supervisors of mechanics, installers, and repairers",7000,"49-1011","49","49-1000","49-1010"
"343",7010,"computer, automated teller, and office machine repairers",7010,NA,"Computer, automated teller, and office machine repairers",7010,"49-2011","49","49-2000","49-2010"
"344",7020,"radio and telecommunications equipment installers and repairers",7020,NA,"Radio and telecommunications equipment installers and repairers",7020,"49-2020","49","49-2000","49-2020"
"345",7030,"avionics technicians",7030,NA,"Avionics technicians",7030,"49-2091","49","49-2000","49-2090"
"346",7040,"electric motor, power tool, and related repairers",7040,NA,"Electric motor, power tool, and related repairers",7040,"49-2092","49","49-2000","49-2090"
"347",7100,"electrical and electronics repairers, transportation equipment, and industrial and utility",7100,NA,"Electrical and electronics repairers, industrial and utility",7100,"49-209X","49","49-2000","49-2090"
"348",7110,"electronic equipment installers and repairers, motor vehicles",7110,NA,"Electronic equipment installers and repairers, motor vehicles",7110,"49-2096","49","49-2000","49-2090"
"349",7120,"electronic home entertainment equipment installers and repairers",7120,NA,"Electronic home entertainment equipment installers and repairers",7120,"49-2097","49","49-2000","49-2090"
"350",7130,"security and fire alarm systems installers",7130,NA,"Security and fire alarm systems installers",7130,"49-2098","49","49-2000","49-2090"
"351",7140,"aircraft mechanics and service technicians",7140,NA,"Aircraft mechanics and service technicians",7140,"49-3011","49","49-3000","49-3010"
"352",7150,"automotive body and related repairers",7150,NA,"Automotive body and related repairers",7150,"49-3021","49","49-3000","49-3020"
"353",7160,"automotive glass installers and repairers",7160,NA,"Automotive glass installers and repairers",7160,"49-3022","49","49-3000","49-3020"
"354",7200,"automotive service technicians and mechanics",7200,NA,"Automotive service technicians and mechanics",7200,"49-3023","49","49-3000","49-3020"
"355",7210,"bus and truck mechanics and diesel engine specialists",7210,NA,"Bus and truck mechanics and diesel engine specialists",7210,"49-3031","49","49-3000","49-3030"
"356",7220,"heavy vehicle and mobile equipment service technicians and mechanics",7220,NA,"Heavy vehicle and mobile equipment service technicians and mechanics",7220,"49-3040","49","49-3000","49-3040"
"357",7240,"small engine mechanics",7240,NA,"Small engine mechanics",7240,"49-3050","49","49-3000","49-3050"
"358",7260,"miscellaneous vehicle and mobile equipment mechanics, installers, and repairers",7260,NA,"Miscellaneous vehicle and mobile equipment mechanics, installers, and repairers",7260,"49-3090","49","49-3000","49-3090"
"359",7300,"control and valve installers and repairers",7300,NA,"Control and valve installers and repairers",7300,"49-9010","49","49-9000","49-9010"
"360",7315,"heating, air conditioning, and refrigeration mechanics and installers",7315,NA,"Heating, air conditioning, and refrigeration mechanics and installers",7315,"49-9021","49","49-9000","49-9020"
"361",7320,"home appliance repairers",7320,NA,"Home appliance repairers",7320,"49-9031","49","49-9000","49-9030"
"362",7330,"industrial and refractory machinery mechanics",7330,NA,"Industrial and refractory machinery mechanics",7330,"49-904X","49","49-9000","49-9040"
"363",7340,"maintenance and repair workers, general",7340,NA,"Maintenance and repair workers, general",7340,"49-9071","49","49-9000","49-9070"
"364",7350,"maintenance workers, machinery",7350,NA,"Maintenance workers, machinery",7350,"49-9043","49","49-9000","49-9040"
"365",7360,"millwrights",7360,NA,"Millwrights",7360,"49-9044","49","49-9000","49-9040"
"366",7410,"electrical power-line installers and repairers",7410,NA,"Electrical power-line installers and repairers",7410,"49-9051","49","49-9000","49-9050"
"367",7420,"telecommunications line installers and repairers",7420,NA,"Telecommunications line installers and repairers",7420,"49-9052","49","49-9000","49-9050"
"368",7430,"precision instrument and equipment repairers",7430,NA,"Precision instrument and equipment repairers",7430,"49-9060","49","49-9000","49-9060"
"369",7510,"coin, vending, and amusement machine servicers and repairers",7510,NA,"Coin, vending, and amusement machine servicers and repairers",7510,"49-9091","49","49-9000","49-9090"
"370",7540,"locksmiths and safe repairers",7540,NA,"Locksmiths and safe repairers",7540,"49-9094","49","49-9000","49-9090"
"371",7560,"riggers",7560,NA,"Riggers",7560,"49-9096","49","49-9000","49-9090"
"372",7610,"helpers--installation, maintenance, and repair workers ",7610,NA,"Helpers--installation, maintenance, and repair workers",7610,"49-9098","49","49-9000","49-9090"
"373",7630,"miscellaneous installation, maintenance, and repair workers, including wind turbine service technicians",7630,NA,"Other installation, maintenance, and repair workers",7630,"49-909X","49","49-9000","49-9090"
"374",7700,"first-line supervisors of production and operating workers",7700,NA,"First-line supervisors of production and operating workers",7700,"51-1011","51","51-1000","51-1010"
"375",7710,"aircraft structure, surfaces, rigging, and systems assemblers",7710,NA,"Aircraft structure, surfaces, rigging, and systems assemblers",7710,"51-2011","51","51-2000","51-2010"
"376",7720,"electrical, electronics, and electromechanical assemblers",7720,NA,"Electrical, electronics, and electromechanical assemblers",7720,"51-2020","51","51-2000","51-2020"
"377",7730,"engine and other machine assemblers",7730,NA,"Engine and other machine assemblers",7730,"51-2031","51","51-2000","51-2030"
"378",7740,"structural metal fabricators and fitters",7740,NA,"Structural metal fabricators and fitters",7740,"51-2041","51","51-2000","51-2040"
"379",7750,"miscellaneous assemblers and fabricators",7750,NA,"Miscellaneous assemblers and fabricators",7750,"51-2090","51","51-2000","51-2090"
"380",7800,"bakers",7800,NA,"Bakers",7800,"51-3011","51","51-3000","51-3010"
"381",7810,"butchers and other meat, poultry, and fish processing workers",7810,NA,"Butchers and other meat, poultry, and fish processing workers",7810,"51-3020","51","51-3000","51-3020"
"382",7830,"food and tobacco roasting, baking, and drying machine operators and tenders",7830,NA,"Food and tobacco roasting, baking, and drying machine operators and tenders",7830,"51-3091","51","51-3000","51-3090"
"383",7840,"food batchmakers",7840,NA,"Food batchmakers",7840,"51-3092","51","51-3000","51-3090"
"384",7850,"food cooking machine operators and tenders",7850,NA,"Food cooking machine operators and tenders",7850,"51-3093","51","51-3000","51-3090"
"385",7900,"computer control programmers and operators",7900,NA,"Computer control programmers and operators",7900,"51-4010","51","51-4000","51-4010"
"386",7920,"extruding and drawing machine setters, operators, and tenders, metal and plastic",7920,NA,"Extruding and drawing machine setters, operators, and tenders, metal and plastic",7920,"51-4021","51","51-4000","51-4020"
"387",7930,"forging machine setters, operators, and tenders, metal and plastic",7930,NA,"Forging machine setters, operators, and tenders, metal and plastic",7930,"51-4022","51","51-4000","51-4020"
"388",7940,"rolling machine setters, operators, and tenders, metal and plastic",7940,NA,"Rolling machine setters, operators, and tenders, metal and plastic",7940,"51-4023","51","51-4000","51-4020"
"389",7950,"machine tool cutting setters, operators, and tenders, metal and plastic",7950,NA,"Cutting, punching, and press machine setters, operators, and tenders, metal and plastic",7950,"51-4031","51","51-4000","51-4030"
"390",8030,"machinists",8030,NA,"Machinists",8030,"51-4041","51","51-4000","51-4040"
"391",8040,"metal furnace operators, tenders, pourers, and casters",8040,NA,"Metal furnace operators, tenders, pourers, and casters",8040,"51-4050","51","51-4000","51-4050"
"392",8100,"model makers, patternmakers, and molding machine setters, metal and plastic",8100,NA,"Molders and molding machine setters, operators, and tenders, metal and plastic",8100,"51-4070","51","51-4000","51-4070"
"393",8130,"tool and die makers",8130,NA,"Tool and die makers",8130,"51-4111","51","51-4000","51-4110"
"394",8140,"welding, soldering, and brazing workers",8140,NA,"Welding, soldering, and brazing workers",8140,"51-4120","51","51-4000","51-4120"
"395",8220,"miscellaneous metal workers and plastic workers, including multiple machine tool setters",8220,NA,"Metal workers and plastic workers, all other",8220,"51-4199","51","51-4000","51-4190"
"396",8250,"prepress technicians and workers",8250,NA,"Prepress technicians and workers",8250,"51-5111","51","51-5000","51-5110"
"397",8255,"printing press operators",8250,NA,"Printing press operators",8255,"51-5112","51","51-5000","51-5110"
"398",8256,"print binding and finishing workers",8250,NA,"Print binding and finishing workers",8256,"51-5113","51","51-5000","51-5110"
"399",8300,"laundry and dry-cleaning workers",8300,NA,"Laundry and dry-cleaning workers",8300,"51-6011","51","51-6000","51-6010"
"400",8310,"pressers, textile, garment, and related materials",8310,NA,"Pressers, textile, garment, and related materials",8310,"51-6021","51","51-6000","51-6020"
"401",8320,"sewing machine operators",8320,NA,"Sewing machine operators",8320,"51-6031","51","51-6000","51-6030"
"402",8330,"shoe and leather workers",8330,NA,"Shoe and leather workers and repairers",8330,"51-6041","51","51-6000","51-6040"
"403",8350,"tailors, dressmakers, and sewers",8350,NA,"Tailors, dressmakers, and sewers",8350,"51-6050","51","51-6000","51-6050"
"404",8400,"textile bleaching and dyeing, and cutting machine setters, operators, and tenders",8400,NA,"Textile cutting machine setters, operators, and tenders",8400,"51-6062","51","51-6000","51-6060"
"405",8410,"textile knitting and weaving machine setters, operators, and tenders",8410,NA,"Textile knitting and weaving machine setters, operators, and tenders",8410,"51-6063","51","51-6000","51-6060"
"406",8420,"textile winding, twisting, and drawing out machine setters, operators, and tenders",8420,NA,"Textile winding, twisting, and drawing out machine setters, operators, and tenders",8420,"51-6064","51","51-6000","51-6060"
"407",8450,"upholsterers",8450,NA,"Upholsterers",8450,"51-6093","51","51-6000","51-6090"
"408",8460,"miscellaneous textile, apparel, and furnishings workers except upholsterers",8460,NA,"Textile, apparel, and furnishings workers, all other",8460,"51-6099","51","51-6000","51-6090"
"409",8500,"cabinetmakers and bench carpenters",8500,NA,"Cabinetmakers and bench carpenters",8500,"51-7011","51","51-7000","51-7010"
"410",8510,"furniture finishers",8510,NA,"Furniture finishers",8510,"51-7021","51","51-7000","51-7020"
"411",8530,"sawing machine setters, operators, and tenders, wood",8530,NA,"Sawing machine setters, operators, and tenders, wood",8530,"51-7041","51","51-7000","51-7040"
"412",8540,"woodworking machine setters, operators, and tenders, except sawing",8540,NA,"Woodworking machine setters, operators, and tenders, except sawing",8540,"51-7042","51","51-7000","51-7040"
"413",8550,"miscellaneous woodworkers, including model makers and patternmakers",8550,NA,"Woodworkers, all other",8550,"51-7099","51","51-7000","51-7090"
"414",8600,"power plant operators, distributors, and dispatchers",8600,NA,"Power plant operators, distributors, and dispatchers",8600,"51-8010","51","51-8000","51-8010"
"415",8610,"stationary engineers and boiler operators",8610,NA,"Stationary engineers and boiler operators",8610,"51-8021","51","51-8000","51-8020"
"416",8620,"water and wastewater treatment plant and system operators",8620,NA,"Water and wastewater treatment plant and system operators",8620,"51-8031","51","51-8000","51-8030"
"417",8630,"miscellaneous plant and system operators",8630,NA,"Miscellaneous plant and system operators",8630,"51-8090","51","51-8000","51-8090"
"418",8640,"chemical processing machine setters, operators, and tenders",8640,NA,"Chemical processing machine setters, operators, and tenders",8640,"51-9010","51","51-9000","51-9010"
"419",8650,"crushing, grinding, polishing, mixing, and blending workers",8650,NA,"Crushing, grinding, polishing, mixing, and blending workers",8650,"51-9020","51","51-9000","51-9020"
"420",8710,"cutting workers",8710,NA,"Cutting workers",8710,"51-9030","51","51-9000","51-9030"
"421",8720,"extruding, forming, pressing, and compacting machine setters, operators, and tenders",8720,NA,"Extruding, forming, pressing, and compacting machine setters, operators, and tenders",8720,"51-9041","51","51-9000","51-9040"
"422",8730,"furnace, kiln, oven, drier, and kettle operators and tenders",8730,NA,"Furnace, kiln, oven, drier, and kettle operators and tenders",8730,"51-9051","51","51-9000","51-9050"
"423",8740,"inspectors, testers, sorters, samplers, and weighers",8740,NA,"Inspectors, testers, sorters, samplers, and weighers",8740,"51-9061","51","51-9000","51-9060"
"424",8750,"jewelers and precious stone and metal workers",8750,NA,"Jewelers and precious stone and metal workers",8750,"51-9071","51","51-9000","51-9070"
"425",8760,"medical, dental, and ophthalmic laboratory technicians",8760,NA,"Medical, dental, and ophthalmic laboratory technicians",8760,"51-9080","51","51-9000","51-9080"
"426",8800,"packaging and filling machine operators and tenders",8800,NA,"Packaging and filling machine operators and tenders",8800,"51-9111","51","51-9000","51-9110"
"427",8810,"painting workers",8810,NA,"Painting workers",8810,"51-9120","51","51-9000","51-9120"
"428",8830,"photographic process workers and processing machine operators",8830,NA,"Photographic process workers and processing machine operators",8830,"51-9151","51","51-9000","51-9150"
"429",8850,"adhesive bonding machine operators and tenders",8850,NA,"Adhesive bonding machine operators and tenders",8850,"51-9191","51","51-9000","51-9190"
"430",8910,"etchers and engravers",8910,NA,"Etchers and engravers",8910,"51-9194","51","51-9000","51-9190"
"431",8920,"molders, shapers, and casters, except metal and plastic",8920,NA,"Molders, shapers, and casters, except metal and plastic",8920,"51-9195","51","51-9000","51-9190"
"432",8930,"paper goods machine setters, operators, and tenders",8930,NA,"Paper goods machine setters, operators, and tenders",8930,"51-9196","51","51-9000","51-9190"
"433",8940,"tire builders",8940,NA,"Tire builders",8940,"51-9197","51","51-9000","51-9190"
"434",8950,"helpers--production workers",8950,NA,"Helpers--production workers",8950,"51-9198","51","51-9000","51-9190"
"435",8965,"miscellaneous production workers, including semiconductor processors",8965,NA,"Production workers, all other",8965,"51-9199","51","51-9000","51-9190"
"436",9000,"supervisors of transportation and material moving workers",9000,NA,"Supervisors of transportation and material moving workers",9000,"53-1000","53","53-1000","53-1000"
"437",9030,"aircraft pilots and flight engineers",9030,NA,"Aircraft pilots and flight engineers",9030,"53-2010","53","53-2000","53-2010"
"438",9040,"air traffic controllers and airfield operations specialists",9040,NA,"Air traffic controllers and airfield operations specialists",9040,"53-2020","53","53-2000","53-2020"
"439",9050,"flight attendants",9050,NA,"Flight attendants",9050,"53-2031","53","53-2000","53-2030"
"440",9110,"ambulance drivers and attendants, except emergency medical technicians",9100,NA,"Ambulance drivers and attendants, except emergency medical technicians",9110,"53-3011","53","53-3000","53-3010"
"441",9120,"bus drivers",9100,NA,"Bus drivers",9120,"53-3020","53","53-3000","53-3020"
"442",9130,"driver/sales workers and truck drivers",9130,NA,"Driver/sales workers and truck drivers",9130,"53-3030","53","53-3000","53-3030"
"443",9140,"taxi drivers and chauffeurs",9140,NA,"Taxi drivers and chauffeurs",9140,"53-3041","53","53-3000","53-3040"
"444",9200,"locomotive engineers and operators",9200,NA,"Locomotive engineers and operators",9200,"53-4010","53","53-4000","53-4010"
"445",9240,"railroad conductors and yardmasters",9240,NA,"Railroad conductors and yardmasters",9240,"53-4031","53","53-4000","53-4030"
"446",9260,"subway, streetcar, and other rail transportation workers",9260,NA,"Subway, streetcar, and other rail transportation workers",9260,"53-40XX","53","53-4000","53-40X0"
"447",9300,"sailors and marine oilers, and ship engineers",9300,NA,"Sailors and marine oilers",9300,"53-5011","53","53-5000","53-5010"
"448",9310,"ship and boat captains and operators",9310,NA,"Ship and boat captains and operators",9310,"53-5020","53","53-5000","53-5020"
"449",9350,"parking lot attendants",9350,NA,"Parking lot attendants",9350,"53-6021","53","53-6000","53-6020"
"450",9360,"automotive and watercraft service attendants   ",9360,NA,"Automotive and watercraft service attendants",9360,"53-6031","53","53-6000","53-6030"
"451",9410,"transportation inspectors",9410,NA,"Transportation inspectors",9410,"53-6051","53","53-6000","53-6050"
"452",9415,"transportation attendants, except flight attendants",9410,NA,"Transportation attendants, except flight attendants",9415,"53-6061","53","53-6000","53-6060"
"453",9420,"miscellaneous transportation workers, including bridge and lock tenders and traffic technicians",9420,NA,"Other transportation workers",9420,"53-60XX","53","53-6000","53-60X0"
"454",9510,"crane and tower operators",9510,NA,"Crane and tower operators",9510,"53-7021","53","53-7000","53-7020"
"455",9520,"dredge, excavating, and loading machine operators",9520,NA,"Dredge, excavating, and loading machine operators",9520,"53-7030","53","53-7000","53-7030"
"456",9560,"conveyor operators and tenders, and hoist and winch operators",9560,NA,"Hoist and winch operators",9560,"53-7041","53","53-7000","53-7040"
"457",9600,"industrial truck and tractor operators",9600,NA,"Industrial truck and tractor operators",9600,"53-7051","53","53-7000","53-7050"
"458",9610,"cleaners of vehicles and equipment",9610,NA,"Cleaners of vehicles and equipment",9610,"53-7061","53","53-7000","53-7060"
"459",9620,"laborers and freight, stock, and material movers, hand",9620,NA,"Laborers and freight, stock, and material movers, hand",9620,"53-7062","53","53-7000","53-7060"
"460",9630,"machine feeders and offbearers",9630,NA,"Machine feeders and offbearers",9630,"53-7063","53","53-7000","53-7060"
"461",9640,"packers and packagers, hand",9640,NA,"Packers and packagers, hand",9640,"53-7064","53","53-7000","53-7060"
"462",9650,"pumping station operators",9650,NA,"Pumping station operators",9650,"53-7070","53","53-7000","53-7070"
"463",9720,"refuse and recyclable material collectors",9720,NA,"Refuse and recyclable material collectors",9720,"53-7081","53","53-7000","53-7080"
"464",9750,"miscellaneous material moving workers, including mine shuttle car operators, and tank car, truck, and ship loaders",9750,NA,"Material moving workers, all other",9750,"53-7199","53","53-7000","53-7190"
