"","acs_occ_code","OCC2010_cps","acs_occ_code_label","major_cat","OCC2010_desc","OCC2010","SOC2010","SOC_major","SOC_minor","SOC_broad"
"1",10,10,"Chief executives and legislators/public administration",NA,"Chief executives",10,"11-1011","11","11-1000","11-1010"
"2",20,20,"General and Operations Managers",NA,"General and operations managers",20,"11-1021","11","11-1000","11-1020"
"3",40,30,"40",NA,"Advertising and promotions managers",40,"11-2011","11","11-2000","11-2010"
"4",50,30,"50",NA,"Marketing and sales managers",50,"11-2020","11","11-2000","11-2020"
"5",60,30,"60",NA,"Public relations and fundraising managers",60,"11-2031","11","11-2000","11-2030"
"6",100,100,"Administrative Services Managers",NA,"Administrative services managers",100,"11-3011","11","11-3000","11-3010"
"7",110,110,"Computer and Information Systems Managers",NA,"Computer and information systems managers",110,"11-3021","11","11-3000","11-3020"
"8",120,120,"Financial Managers",NA,"Financial managers",120,"11-3031","11","11-3000","11-3030"
"9",135,130,"135",NA,"Compensation and benefits managers",135,"11-3111","11","11-3000","11-3110"
"10",136,130,"136",NA,"Human resources managers",136,"11-3121","11","11-3000","11-3120"
"11",137,130,"137",NA,"Training and development managers",137,"11-3131","11","11-3000","11-3130"
"12",140,140,"Industrial Production Managers",NA,"Industrial production managers",140,"11-3051","11","11-3000","11-3050"
"13",150,150,"Purchasing Managers",NA,"Purchasing managers",150,"11-3061","11","11-3000","11-3060"
"14",160,160,"Transportation, Storage, and Distribution Managers",NA,"Transportation, storage, and distribution managers",160,"11-3071","11","11-3000","11-3070"
"15",205,205,"Farmers, Ranchers, and Other Agricultural Managers",NA,"Farmers, ranchers, and other agricultural managers",205,"11-9013","11","11-9000","11-9010"
"16",220,220,"Constructions Managers",NA,"Construction managers",220,"11-9021","11","11-9000","11-9020"
"17",230,230,"Education Administrators",NA,"Education administrators",230,"11-9030","11","11-9000","11-9030"
"18",300,300,"Architectural and Engineering Managers",NA,"Architectural and engineering managers",300,"11-9041","11","11-9000","11-9040"
"19",310,310,"Food Service and Lodging Managers",NA,"Food service managers",310,"11-9051","11","11-9000","11-9050"
"20",325,320,"325",NA,"Funeral service managers",325,"11-9061","11","11-9000","11-9060"
"21",330,330,"Gaming Managers",NA,"Gaming managers",330,"11-9071","11","11-9000","11-9070"
"22",340,330,"340",NA,"Lodging managers",340,"11-9081","11","11-9000","11-9080"
"23",350,350,"Medical and Health Services Managers",NA,"Medical and health services managers",350,"11-9111","11","11-9000","11-9110"
"24",360,360,"Natural Science Managers",NA,"Natural sciences managers",360,"11-9121","11","11-9000","11-9120"
"25",410,410,"Property, Real Estate, and Community Association Managers",NA,"Property, real estate, and community association managers",410,"11-9141","11","11-9000","11-9140"
"26",420,420,"Social and Community Service Managers",NA,"Social and community service managers",420,"11-9151","11","11-9000","11-9150"
"27",425,420,"425",NA,"Emergency management directors",425,"11-9161","11","11-9000","11-9160"
"28",430,430,"Managers, nec (including Postmasters)",NA,"Managers, all other",430,"11-9199","11","11-9000","11-9190"
"29",500,500,"Agents and Business Managers of Artists, Performers, and Athletes",NA,"Agents and business managers of artists, performers, and athletes",500,"13-1011","13","13-1000","13-1010"
"30",510,510,"Buyers and Purchasing Agents, Farm Products",NA,"Buyers and purchasing agents, farm products",510,"13-1021","13","13-1000","13-1020"
"31",520,520,"Wholesale and Retail Buyers, Except Farm Products",NA,"Wholesale and retail buyers, except farm products",520,"13-1022","13","13-1000","13-1020"
"32",530,530,"Purchasing Agents, Except Wholesale, Retail, and Farm Products",NA,"Purchasing agents, except wholesale, retail, and farm products",530,"13-1023","13","13-1000","13-1020"
"33",540,540,"Claims Adjusters, Appraisers, Examiners, and Investigators",NA,"Claims adjusters, appraisers, examiners, and investigators",540,"13-1030","13","13-1000","13-1030"
"34",565,560,"565",NA,"Compliance officers",565,"13-1041","13","13-1000","13-1040"
"35",600,600,"Cost Estimators",NA,"Cost estimators",600,"13-1051","13","13-1000","13-1050"
"36",630,620,"630",NA,"Human resources workers",630,"13-1070","13","13-1000","13-1070"
"37",640,620,"640",NA,"Compensation, benefits, and job analysis specialists",640,"13-1141","13","13-1000","13-1140"
"38",650,620,"650",NA,"Training and development specialists",650,"13-1151","13","13-1000","13-1150"
"39",700,700,"Logisticians",NA,"Logisticians",700,"13-1081","13","13-1000","13-1080"
"40",710,710,"Management Analysts",NA,"Management analysts",710,"13-1111","13","13-1000","13-1110"
"41",725,720,"725",NA,"Meeting, convention, and event planners",725,"13-1121","13","13-1000","13-1120"
"42",726,720,"726",NA,"Fundraisers",726,"13-1131","13","13-1000","13-1130"
"43",735,730,"735",NA,"Market research analysts and marketing specialists",735,"13-1161","13","13-1000","13-1160"
"44",740,730,"740",NA,"Business operations specialists, all other",740,"13-1199","13","13-1000","13-1190"
"45",800,800,"Accountants and Auditors",NA,"Accountants and auditors",800,"13-2011","13","13-2000","13-2010"
"46",810,810,"Appraisers and Assessors of Real Estate",NA,"Appraisers and assessors of real estate",810,"13-2021","13","13-2000","13-2020"
"47",820,820,"Budget Analysts",NA,"Budget analysts",820,"13-2031","13","13-2000","13-2030"
"48",830,830,"Credit Analysts",NA,"Credit analysts",830,"13-2041","13","13-2000","13-2040"
"49",840,840,"Financial Analysts",NA,"Financial analysts",840,"13-2051","13","13-2000","13-2050"
"50",850,850,"Personal Financial Advisors",NA,"Personal financial advisors",850,"13-2052","13","13-2000","13-2050"
"51",860,860,"Insurance Underwriters",NA,"Insurance underwriters",860,"13-2053","13","13-2000","13-2050"
"52",900,900,"Financial Examiners",NA,"Financial examiners",900,"13-2061","13","13-2000","13-2060"
"53",910,910,"Credit Counselors and Loan Officers",NA,"Credit counselors and loan officers",910,"13-2070","13","13-2000","13-2070"
"54",930,930,"Tax Examiners and Collectors, and Revenue Agents",NA,"Tax examiners and collectors, and revenue agents",930,"13-2081","13","13-2000","13-2080"
"55",940,940,"Tax Preparers",NA,"Tax preparers",940,"13-2082","13","13-2000","13-2080"
"56",950,950,"Financial Specialists, nec",NA,"Financial specialists, all other",950,"13-2099","13","13-2000","13-2090"
"57",1005,1000,"1005",NA,"Computer and information research scientists",1005,"15-1111","15","15-1000","15-1110"
"58",1006,1000,"1006",NA,"Computer systems analysts",1006,"15-1121","15","15-1000","15-1120"
"59",1007,1000,"1007",NA,"Information security analysts",1007,"15-1122","15","15-1000","15-1120"
"60",1010,1010,"Computer Programmers",NA,"Computer programmers",1010,"15-1131","15","15-1000","15-1130"
"61",1020,1020,"Software Developers, Applications and Systems Software",NA,"Software developers, applications and systems software",1020,"15-113X","15","15-1000","15-1130"
"62",1030,1020,"1030",NA,"Web developers",1030,"15-1134","15","15-1000","15-1130"
"63",1050,1050,"Computer Support Specialists",NA,"Computer support specialists",1050,"15-1150","15","15-1000","15-1150"
"64",1060,1060,"Database Administrators",NA,"Database administrators",1060,"15-1141","15","15-1000","15-1140"
"65",1105,1100,"1105",NA,"Network and computer systems administrators",1105,"15-1142","15","15-1000","15-1140"
"66",1106,1100,"1106",NA,"Computer network architects",1106,"15-1143","15","15-1000","15-1140"
"67",1107,1100,"1107",NA,"Computer occupations, all other",1107,"15-1199","15","15-1000","15-1190"
"68",1200,1200,"Actuaries",NA,"Actuaries",1200,"15-2011","15","15-2000","15-2010"
"69",1210,1200,"1210",NA,"Mathematicians",1210,"15-2021","15","15-2000","15-2020"
"70",1220,1220,"Operations Research Analysts",NA,"Operations research analysts",1220,"15-2031","15","15-2000","15-2030"
"71",1230,1230,"Statisticians",NA,"Statisticians",1230,"15-2041","15","15-2000","15-2040"
"72",1240,1240,"Mathematical science occupations, nec",NA,"Miscellaneous mathematical science occupations",1240,"15-2090","15","15-2000","15-2090"
"73",1300,1300,"Architects, Except Naval",NA,"Architects, except naval",1300,"17-1010","17","17-1000","17-1010"
"74",1310,1310,"Surveyors, Cartographers, and Photogrammetrists",NA,"Surveyors, cartographers, and photogrammetrists",1310,"17-1020","17","17-1000","17-1020"
"75",1320,1320,"Aerospace Engineers",NA,"Aerospace engineers",1320,"17-2011","17","17-2000","17-2010"
"76",1330,1320,"1330",NA,"Agricultural engineers",1330,"17-2021","17","17-2000","17-2020"
"77",1340,1320,"1340",NA,"Biomedical engineers",1340,"17-2031","17","17-2000","17-2030"
"78",1350,1350,"Chemical Engineers",NA,"Chemical engineers",1350,"17-2041","17","17-2000","17-2040"
"79",1360,1360,"Civil Engineers",NA,"Civil engineers",1360,"17-2051","17","17-2000","17-2050"
"80",1400,1400,"Computer Hardware Engineers",NA,"Computer hardware engineers",1400,"17-2061","17","17-2000","17-2060"
"81",1410,1410,"Electrical and Electronics Engineers",NA,"Electrical and electronics engineers",1410,"17-2070","17","17-2000","17-2070"
"82",1420,1420,"Environmental Engineers",NA,"Environmental engineers",1420,"17-2081","17","17-2000","17-2080"
"83",1430,1430,"Industrial Engineers, including Health and Safety",NA,"Industrial engineers, including health and safety",1430,"17-2110","17","17-2000","17-2110"
"84",1440,1440,"Marine Engineers and Naval Architects",NA,"Marine engineers and naval architects",1440,"17-2121","17","17-2000","17-2120"
"85",1450,1450,"Materials Engineers",NA,"Materials engineers",1450,"17-2131","17","17-2000","17-2130"
"86",1460,1460,"Mechanical Engineers",NA,"Mechanical engineers",1460,"17-2141","17","17-2000","17-2140"
"87",1500,1460,"1500",NA,"Mining and geological engineers, including mining safety engineers",1500,"17-2151","17","17-2000","17-2150"
"88",1510,1460,"1510",NA,"Nuclear engineers",1510,"17-2161","17","17-2000","17-2160"
"89",1520,1520,"Petroleum, mining and geological engineers, including mining safety engineers",NA,"Petroleum engineers",1520,"17-2171","17","17-2000","17-2170"
"90",1530,1530,"Engineers, nec",NA,"Engineers, all other",1530,"17-2199","17","17-2000","17-2190"
"91",1540,1540,"Drafters",NA,"Drafters",1540,"17-3010","17","17-3000","17-3010"
"92",1550,1550,"Engineering Technicians, Except Drafters",NA,"Engineering technicians, except drafters",1550,"17-3020","17","17-3000","17-3020"
"93",1560,1560,"Surveying and Mapping Technicians",NA,"Surveying and mapping technicians",1560,"17-3031","17","17-3000","17-3030"
"94",1600,1600,"Agricultural and Food Scientists",NA,"Agricultural and food scientists",1600,"19-1010","19","19-1000","19-1010"
"95",1610,1610,"Biological Scientists",NA,"Biological scientists",1610,"19-1020","19","19-1000","19-1020"
"96",1640,1640,"Conservation Scientists and Foresters",NA,"Conservation scientists and foresters",1640,"19-1030","19","19-1000","19-1030"
"97",1650,1650,"Medical Scientists, and Life Scientists, All Other",NA,"Medical scientists",1650,"19-1040","19","19-1000","19-1040"
"98",1660,1650,"1660",NA,"Life scientists, all other",1660,"19-1099","19","19-1000","19-1090"
"99",1700,1700,"Astronomers and Physicists",NA,"Astronomers and physicists",1700,"19-2010","19","19-2000","19-2010"
"100",1710,1710,"Atmospheric and Space Scientists",NA,"Atmospheric and space scientists",1710,"19-2021","19","19-2000","19-2020"
"101",1720,1720,"Chemists and Materials Scientists",NA,"Chemists and materials scientists",1720,"19-2030","19","19-2000","19-2030"
"102",1740,1740,"Environmental Scientists and Geoscientists",NA,"Environmental scientists and geoscientists",1740,"19-2040","19","19-2000","19-2040"
"103",1760,1760,"Physical Scientists, nec",NA,"Physical scientists, all other",1760,"19-2099","19","19-2000","19-2090"
"104",1800,1800,"Economists and market researchers",NA,"Economists",1800,"19-3011","19","19-3000","19-3010"
"105",1815,1800,"1815",NA,"Survey researchers",1815,"19-3022","19","19-3000","19-3020"
"106",1820,1820,"Psychologists",NA,"Psychologists",1820,"19-3030","19","19-3000","19-3030"
"107",1830,1830,"Urban and Regional Planners",NA,"Sociologists",1830,"19-3041","19","19-3000","19-3040"
"108",1840,1840,"Social Scientists, nec",NA,"Urban and regional planners",1840,"19-3051","19","19-3000","19-3050"
"109",1860,1840,"1860",NA,"Miscellaneous social scientists and related workers",1860,"19-3090","19","19-3000","19-3090"
"110",1900,1900,"Agricultural and Food Science Technicians",NA,"Agricultural and food science technicians",1900,"19-4011","19","19-4000","19-4010"
"111",1910,1910,"Biological Technicians",NA,"Biological technicians",1910,"19-4021","19","19-4000","19-4020"
"112",1920,1920,"Chemical Technicians",NA,"Chemical technicians",1920,"19-4031","19","19-4000","19-4030"
"113",1930,1930,"Geological and Petroleum Technicians, and Nuclear Technicians",NA,"Geological and petroleum technicians",1930,"19-4041","19","19-4000","19-4040"
"114",1940,1930,"1940",NA,"Nuclear technicians",1940,"19-4051","19","19-4000","19-4050"
"115",1950,1930,"1950",NA,"Social science research assistants",1950,"19-4061","19","19-4000","19-4060"
"116",1965,1960,"1965",NA,"Miscellaneous life, physical, and social science technicians",1965,"19-4090","19","19-4000","19-4090"
"117",2000,2000,"Counselors",NA,"Counselors",2000,"21-1010","21","21-1000","21-1010"
"118",2010,2010,"Social Workers",NA,"Social workers",2010,"21-1020","21","21-1000","21-1020"
"119",2015,2010,"2015",NA,"Probation officers and correctional treatment specialists",2015,"21-1092","21","21-1000","21-1090"
"120",2016,2010,"2016",NA,"Social and human service assistants",2016,"21-1093","21","21-1000","21-1090"
"121",2025,2020,"2025",NA,"Miscellaneous community and social service specialists, including health educators and community health workers",2025,"21-109X","21","21-1000","21-1090"
"122",2040,2040,"Clergy",NA,"Clergy",2040,"21-2011","21","21-2000","21-2010"
"123",2050,2050,"Directors, Religious Activities and Education",NA,"Directors, religious activities and education",2050,"21-2021","21","21-2000","21-2020"
"124",2060,2060,"Religious Workers, nec",NA,"Religious workers, all other",2060,"21-2099","21","21-2000","21-2090"
"125",2100,2100,"Lawyers, and judges, magistrates, and other judicial workers",NA,"Lawyers",2100,"23-1011","23","23-1000","23-1010"
"126",2105,2100,"2105",NA,"Judicial law clerks",2105,"23-1012","23","23-1000","23-1010"
"127",2145,2140,"2145",NA,"Paralegals and legal assistants",2145,"23-2011","23","23-2000","23-2010"
"128",2160,2150,"2160",NA,"Miscellaneous legal support workers",2160,"23-2090","23","23-2000","23-2090"
"129",2200,2200,"Postsecondary Teachers",NA,"Postsecondary teachers",2200,"25-1000","25","25-1000","25-1000"
"130",2300,2300,"Preschool and Kindergarten Teachers",NA,"Preschool and kindergarten teachers",2300,"25-2010","25","25-2000","25-2010"
"131",2310,2310,"Elementary and Middle School Teachers",NA,"Elementary and middle school teachers",2310,"25-2020","25","25-2000","25-2020"
"132",2320,2320,"Secondary School Teachers",NA,"Secondary school teachers",2320,"25-2030","25","25-2000","25-2030"
"133",2330,2330,"Special Education Teachers",NA,"Special education teachers",2330,"25-2050","25","25-2000","25-2050"
"134",2340,2340,"Other Teachers and Instructors",NA,"Other teachers and instructors",2340,"25-3000","25","25-3000","25-3000"
"135",2400,2400,"Archivists, Curators, and Museum Technicians",NA,"Archivists, curators, and museum technicians",2400,"25-4010","25","25-4000","25-4010"
"136",2430,2430,"Librarians",NA,"Librarians",2430,"25-4021","25","25-4000","25-4020"
"137",2440,2440,"Library Technicians",NA,"Library technicians",2440,"25-4031","25","25-4000","25-4030"
"138",2540,2540,"Teacher Assistants",NA,"Teacher assistants",2540,"25-9041","25","25-9000","25-9040"
"139",2550,2550,"Education, Training, and Library Workers, nec",NA,"Other education, training, and library workers",2550,"25-90XX","25","25-9000","25-90X0"
"140",2600,2600,"Artists and Related Workers",NA,"Artists and related workers",2600,"27-1010","27","27-1000","27-1010"
"141",2630,2630,"Designers",NA,"Designers",2630,"27-1020","27","27-1000","27-1020"
"142",2700,2700,"Actors, Producers, and Directors",NA,"Actors",2700,"27-2011","27","27-2000","27-2010"
"143",2710,2700,"2710",NA,"Producers and directors",2710,"27-2012","27","27-2000","27-2010"
"144",2720,2720,"Athletes, Coaches, Umpires, and Related Workers",NA,"Athletes, coaches, umpires, and related workers",2720,"27-2020","27","27-2000","27-2020"
"145",2740,2740,"Dancers and Choreographers",NA,"Dancers and choreographers",2740,"27-2030","27","27-2000","27-2030"
"146",2750,2750,"Musicians, Singers, and Related Workers",NA,"Musicians, singers, and related workers",2750,"27-2040","27","27-2000","27-2040"
"147",2760,2760,"Entertainers and Performers, Sports and Related Workers, All Other",NA,"Entertainers and performers, sports and related workers, all other",2760,"27-2099","27","27-2000","27-2090"
"148",2800,2800,"Announcers",NA,"Announcers",2800,"27-3010","27","27-3000","27-3010"
"149",2810,2810,"Editors, News Analysts, Reporters, and Correspondents",NA,"News analysts, reporters and correspondents",2810,"27-3020","27","27-3000","27-3020"
"150",2825,2825,"Public Relations Specialists",NA,"Public relations specialists",2825,"27-3031","27","27-3000","27-3030"
"151",2830,2825,"2830",NA,"Editors",2830,"27-3041","27","27-3000","27-3040"
"152",2840,2840,"Technical Writers",NA,"Technical writers",2840,"27-3042","27","27-3000","27-3040"
"153",2850,2850,"Writers and Authors",NA,"Writers and authors",2850,"27-3043","27","27-3000","27-3040"
"154",2860,2860,"Media and Communication Workers, nec",NA,"Miscellaneous media and communication workers",2860,"27-3090","27","27-3000","27-3090"
"155",2900,2900,"Broadcast and Sound Engineering Technicians and Radio Operators, and media and communication equipment workers, all other",NA,"Broadcast and sound engineering technicians and radio operators",2900,"27-4010","27","27-4000","27-4010"
"156",2910,2910,"Photographers",NA,"Photographers",2910,"27-4021","27","27-4000","27-4020"
"157",2920,2920,"Television, Video, and Motion Picture Camera Operators and Editors",NA,"Television, video, and motion picture camera operators and editors",2920,"27-4030","27","27-4000","27-4030"
"158",3000,3000,"Chiropractors",NA,"Chiropractors",3000,"29-1011","29","29-1000","29-1010"
"159",3010,3010,"Dentists",NA,"Dentists",3010,"29-1020","29","29-1000","29-1020"
"160",3030,3030,"Dieticians and Nutritionists",NA,"Dietitians and nutritionists",3030,"29-1031","29","29-1000","29-1030"
"161",3040,3040,"Optometrists",NA,"Optometrists",3040,"29-1041","29","29-1000","29-1040"
"162",3050,3050,"Pharmacists",NA,"Pharmacists",3050,"29-1051","29","29-1000","29-1050"
"163",3060,3060,"Physicians and Surgeons",NA,"Physicians and surgeons",3060,"29-1060","29","29-1000","29-1060"
"164",3110,3110,"Physician Assistants",NA,"Physician assistants",3110,"29-1071","29","29-1000","29-1070"
"165",3120,3120,"Podiatrists",NA,"Podiatrists",3120,"29-1081","29","29-1000","29-1080"
"166",3140,3140,"Audiologists",NA,"Audiologists",3140,"29-1181","29","29-1000","29-1180"
"167",3150,3150,"Occupational Therapists",NA,"Occupational therapists",3150,"29-1122","29","29-1000","29-1120"
"168",3160,3160,"Physical Therapists",NA,"Physical therapists",3160,"29-1123","29","29-1000","29-1120"
"169",3200,3200,"Radiation Therapists",NA,"Radiation therapists",3200,"29-1124","29","29-1000","29-1120"
"170",3210,3210,"Recreational Therapists",NA,"Recreational therapists",3210,"29-1125","29","29-1000","29-1120"
"171",3220,3220,"Respiratory Therapists",NA,"Respiratory therapists",3220,"29-1126","29","29-1000","29-1120"
"172",3230,3230,"Speech Language Pathologists",NA,"Speech-language pathologists",3230,"29-1127","29","29-1000","29-1120"
"173",3235,3230,"3235",NA,"Exercise physiologists",3235,"29-1128","29","29-1000","29-1120"
"174",3245,3240,"3245",NA,"Therapists, all other",3245,"29-1129","29","29-1000","29-1120"
"175",3250,3250,"Veterinarians",NA,"Veterinarians",3250,"29-1131","29","29-1000","29-1130"
"176",3255,3250,"3255",NA,"Registered nurses",3255,"29-1141","29","29-1000","29-1140"
"177",3256,3250,"3256",NA,"Nurse anesthetists",3256,"29-1151","29","29-1000","29-1150"
"178",3257,3250,"3257",NA,"Nurse midwives",3257,"29-1161","29","29-1000","29-1160"
"179",3258,3250,"3258",NA,"Nurse practitioners",3258,"29-1171","29","29-1000","29-1170"
"180",3260,3260,"Health Diagnosing and Treating Practitioners, nec",NA,"Health diagnosing and treating practitioners, all other",3260,"29-1199","29","29-1000","29-1190"
"181",3300,3300,"Clinical Laboratory Technologists and Technicians",NA,"Clinical laboratory technologists and technicians",3300,"29-2010","29","29-2000","29-2010"
"182",3310,3310,"Dental Hygienists",NA,"Dental hygienists",3310,"29-2021","29","29-2000","29-2020"
"183",3320,3320,"Diagnostic Related Technologists and Technicians",NA,"Diagnostic related technologists and technicians",3320,"29-2030","29","29-2000","29-2030"
"184",3400,3400,"Emergency Medical Technicians and Paramedics",NA,"Emergency medical technicians and paramedics",3400,"29-2041","29","29-2000","29-2040"
"185",3420,3410,"3420",NA,"Health practitioner support technologists and technicians",3420,"29-2050","29","29-2000","29-2050"
"186",3500,3500,"Licensed Practical and Licensed Vocational Nurses",NA,"Licensed practical and licensed vocational nurses",3500,"29-2061","29","29-2000","29-2060"
"187",3510,3510,"Medical Records and Health Information Technicians",NA,"Medical records and health information technicians",3510,"29-2071","29","29-2000","29-2070"
"188",3520,3520,"Opticians, Dispensing",NA,"Opticians, dispensing",3520,"29-2081","29","29-2000","29-2080"
"189",3535,3530,"3535",NA,"Miscellaneous health technologists and technicians",3535,"29-2090","29","29-2000","29-2090"
"190",3540,3540,"Healthcare Practitioners and Technical Occupations, nec",NA,"Other healthcare practitioners and technical occupations",3540,"29-9000","29","29-9000","29-9000"
"191",3600,3600,"Nursing, Psychiatric, and Home Health Aides",NA,"Nursing, psychiatric, and home health aides",3600,"31-1010","31","31-1000","31-1010"
"192",3610,3610,"Occupational Therapy Assistants and Aides",NA,"Occupational therapy assistants and aides",3610,"31-2010","31","31-2000","31-2010"
"193",3620,3620,"Physical Therapist Assistants and Aides",NA,"Physical therapist assistants and aides",3620,"31-2020","31","31-2000","31-2020"
"194",3630,3630,"Massage Therapists",NA,"Massage therapists",3630,"31-9011","31","31-9000","31-9010"
"195",3640,3640,"Dental Assistants",NA,"Dental assistants",3640,"31-9091","31","31-9000","31-9090"
"196",3645,3640,"3645",NA,"Medical assistants",3645,"31-9092","31","31-9000","31-9090"
"197",3646,3640,"3646",NA,"Medical transcriptionists",3646,"31-9094","31","31-9000","31-9090"
"198",3647,3640,"3647",NA,"Pharmacy aides",3647,"31-9095","31","31-9000","31-9090"
"199",3648,3640,"3648",NA,"Veterinary assistants and laboratory animal caretakers",3648,"31-9096","31","31-9000","31-9090"
"200",3649,3640,"3649",NA,"Phlebotomists",3649,"31-9097","31","31-9000","31-9090"
"201",3655,3650,"3655",NA,"Healthcare support workers, all other, including medical equipment preparers",3655,"31-909X","31","31-9000","31-9090"
"202",3700,3700,"First-Line Supervisors of Correctional Officers",NA,"First-line supervisors of correctional officers",3700,"33-1011","33","33-1000","33-1010"
"203",3710,3710,"First-Line Supervisors of Police and Detectives",NA,"First-line supervisors of police and detectives",3710,"33-1012","33","33-1000","33-1010"
"204",3720,3720,"First-Line Supervisors of Fire Fighting and Prevention Workers",NA,"First-line supervisors of fire fighting and prevention workers",3720,"33-1021","33","33-1000","33-1020"
"205",3730,3730,"Supervisors, Protective Service Workers, All Other",NA,"First-line supervisors of protective service workers, all other",3730,"33-1099","33","33-1000","33-1090"
"206",3740,3740,"Firefighters",NA,"Firefighters",3740,"33-2011","33","33-2000","33-2010"
"207",3750,3750,"Fire Inspectors",NA,"Fire inspectors",3750,"33-2020","33","33-2000","33-2020"
"208",3800,3800,"Sheriffs, Bailiffs, Correctional Officers, and Jailers",NA,"Bailiffs, correctional officers, and jailers",3800,"33-3010","33","33-3000","33-3010"
"209",3820,3820,"Police Officers and Detectives",NA,"Detectives and criminal investigators",3820,"33-3021","33","33-3000","33-3020"
"210",3830,3820,"3830",NA,"Fish and game wardens",3830,"33-3031","33","33-3000","33-3030"
"211",3840,3820,"3840",NA,"Parking enforcement workers",3840,"33-3041","33","33-3000","33-3040"
"212",3850,3820,"3850",NA,"Police and sheriff's patrol officers",3850,"33-3051","33","33-3000","33-3050"
"213",3860,3820,"3860",NA,"Transit and railroad police",3860,"33-3052","33","33-3000","33-3050"
"214",3900,3900,"Animal Control",NA,"Animal control workers",3900,"33-9011","33","33-9000","33-9010"
"215",3910,3910,"Private Detectives and Investigators",NA,"Private detectives and investigators",3910,"33-9021","33","33-9000","33-9020"
"216",3930,3930,"Security Guards and Gaming Surveillance Officers",NA,"Security guards and gaming surveillance officers",3930,"33-9030","33","33-9000","33-9030"
"217",3940,3940,"Crossing Guards",NA,"Crossing guards",3940,"33-9091","33","33-9000","33-9090"
"218",3945,3940,"3945",NA,"Transportation security screeners",3945,"33-9093","33","33-9000","33-9090"
"219",3955,3950,"3955",NA,"Lifeguards and other recreational, and all other protective service workers",3955,"33-909X","33","33-9000","33-9090"
"220",4000,4000,"Chefs and Cooks",NA,"Chefs and head cooks",4000,"35-1011","35","35-1000","35-1010"
"221",4010,4010,"First-Line Supervisors of Food Preparation and Serving Workers",NA,"First-line supervisors of food preparation and serving workers",4010,"35-1012","35","35-1000","35-1010"
"222",4020,4010,"4020",NA,"Cooks",4020,"35-2010","35","35-2000","35-2010"
"223",4030,4030,"Food Preparation Workers",NA,"Food preparation workers",4030,"35-2021","35","35-2000","35-2020"
"224",4040,4040,"Bartenders",NA,"Bartenders",4040,"35-3011","35","35-3000","35-3010"
"225",4050,4050,"Combined Food Preparation and Serving Workers, Including Fast Food",NA,"Combined food preparation and serving workers, including fast food",4050,"35-3021","35","35-3000","35-3020"
"226",4060,4060,"Counter Attendant, Cafeteria, Food Concession, and Coffee Shop",NA,"Counter attendants, cafeteria, food concession, and coffee shop",4060,"35-3022","35","35-3000","35-3020"
"227",4110,4110,"Waiters and Waitresses",NA,"Waiters and waitresses",4110,"35-3031","35","35-3000","35-3030"
"228",4120,4120,"Food Servers, Nonrestaurant",NA,"Food servers, nonrestaurant",4120,"35-3041","35","35-3000","35-3040"
"229",4130,4130,"Food preparation and serving related workers, nec",NA,"Dining room and cafeteria attendants and bartender helpers",4130,"35-9011","35","35-9000","35-9010"
"230",4140,4140,"Dishwashers",NA,"Dishwashers",4140,"35-9021","35","35-9000","35-9020"
"231",4150,4150,"Host and Hostesses, Restaurant, Lounge, and Coffee Shop",NA,"Hosts and hostesses, restaurant, lounge, and coffee shop",4150,"35-9031","35","35-9000","35-9030"
"232",4160,4150,"4160",NA,"Food preparation and serving related workers, all other",4160,"35-9099","35","35-9000","35-9090"
"233",4200,4200,"First-Line Supervisors of Housekeeping and Janitorial Workers",NA,"First-line supervisors of housekeeping and janitorial workers",4200,"37-1011","37","37-1000","37-1010"
"234",4210,4210,"First-Line Supervisors of Landscaping, Lawn Service, and Groundskeeping Workers",NA,"First-line supervisors of landscaping, lawn service, and groundskeeping workers",4210,"37-1012","37","37-1000","37-1010"
"235",4220,4220,"Janitors and Building Cleaners",NA,"Janitors and building cleaners",4220,"37-201X","37","37-2000","37-2010"
"236",4230,4230,"Maids and Housekeeping Cleaners",NA,"Maids and housekeeping cleaners",4230,"37-2012","37","37-2000","37-2010"
"237",4240,4240,"Pest Control Workers",NA,"Pest control workers",4240,"37-2021","37","37-2000","37-2020"
"238",4250,4250,"Grounds Maintenance Workers",NA,"Grounds maintenance workers",4250,"37-3010","37","37-3000","37-3010"
"239",4300,4300,"First-Line Supervisors of Gaming Workers",NA,"First-line supervisors of gaming workers",4300,"39-1010","39","39-1000","39-1010"
"240",4320,4320,"First-Line Supervisors of Personal Service Workers",NA,"First-line supervisors of personal service workers",4320,"39-1021","39","39-1000","39-1020"
"241",4340,4340,"Animal Trainers",NA,"Animal trainers",4340,"39-2011","39","39-2000","39-2010"
"242",4350,4350,"Nonfarm Animal Caretakers",NA,"Nonfarm animal caretakers",4350,"39-2021","39","39-2000","39-2020"
"243",4400,4400,"Gaming Services Workers",NA,"Gaming services workers",4400,"39-3010","39","39-3000","39-3010"
"244",4410,4400,"4410",NA,"Motion picture projectionists",4410,"39-3021","39","39-3000","39-3020"
"245",4420,4420,"Ushers, Lobby Attendants, and Ticket Takers",NA,"Ushers, lobby attendants, and ticket takers",4420,"39-3031","39","39-3000","39-3030"
"246",4430,4430,"Entertainment Attendants and Related Workers, nec",NA,"Miscellaneous entertainment attendants and related workers",4430,"39-3090","39","39-3000","39-3090"
"247",4460,4460,"Funeral Service Workers and Embalmers",NA,"Embalmers and funeral attendants",4460,"39-40XX","39","39-4000","39-40X0"
"248",4465,4460,"4465",NA,"Morticians, undertakers, and funeral directors",4465,"39-4031","39","39-4000","39-4030"
"249",4500,4500,"Barbers",NA,"Barbers",4500,"39-5011","39","39-5000","39-5010"
"250",4510,4510,"Hairdressers, Hairstylists, and Cosmetologists",NA,"Hairdressers, hairstylists, and cosmetologists",4510,"39-5012","39","39-5000","39-5010"
"251",4520,4520,"Personal Appearance Workers, nec",NA,"Miscellaneous personal appearance workers",4520,"39-5090","39","39-5000","39-5090"
"252",4530,4530,"Baggage Porters, Bellhops, and Concierges",NA,"Baggage porters, bellhops, and concierges",4530,"39-6010","39","39-6000","39-6010"
"253",4540,4540,"Tour and Travel Guides",NA,"Tour and travel guides",4540,"39-7010","39","39-7000","39-7010"
"254",4600,4600,"Childcare Workers",NA,"Childcare workers",4600,"39-9011","39","39-9000","39-9010"
"255",4610,4610,"Personal Care Aides",NA,"Personal care aides",4610,"39-9021","39","39-9000","39-9020"
"256",4620,4620,"Recreation and Fitness Workers",NA,"Recreation and fitness workers",4620,"39-9030","39","39-9000","39-9030"
"257",4640,4640,"Residential Advisors",NA,"Residential advisors",4640,"39-9041","39","39-9000","39-9040"
"258",4650,4650,"Personal Care and Service Workers, All Other",NA,"Personal care and service workers, all other",4650,"39-9099","39","39-9000","39-9090"
"259",4700,4700,"First-Line Supervisors of Sales Workers",NA,"First-line supervisors of retail sales workers",4700,"41-1011","41","41-1000","41-1010"
"260",4710,4700,"4710",NA,"First-line supervisors of non-retail sales workers",4710,"41-1012","41","41-1000","41-1010"
"261",4720,4720,"Cashiers",NA,"Cashiers",4720,"41-2010","41","41-2000","41-2010"
"262",4740,4740,"Counter and Rental Clerks",NA,"Counter and rental clerks",4740,"41-2021","41","41-2000","41-2020"
"263",4750,4750,"Parts Salespersons",NA,"Parts salespersons",4750,"41-2022","41","41-2000","41-2020"
"264",4760,4760,"Retail Salespersons",NA,"Retail salespersons",4760,"41-2031","41","41-2000","41-2030"
"265",4800,4800,"Advertising Sales Agents",NA,"Advertising sales agents",4800,"41-3011","41","41-3000","41-3010"
"266",4810,4810,"Insurance Sales Agents",NA,"Insurance sales agents",4810,"41-3021","41","41-3000","41-3020"
"267",4820,4820,"Securities, Commodities, and Financial Services Sales Agents",NA,"Securities, commodities, and financial services sales agents",4820,"41-3031","41","41-3000","41-3030"
"268",4830,4830,"Travel Agents",NA,"Travel agents",4830,"41-3041","41","41-3000","41-3040"
"269",4840,4840,"Sales Representatives, Services, All Other",NA,"Sales representatives, services, all other",4840,"41-3099","41","41-3000","41-3090"
"270",4850,4850,"Sales Representatives, Wholesale and Manufacturing",NA,"Sales representatives, wholesale and manufacturing",4850,"41-4010","41","41-4000","41-4010"
"271",4900,4900,"Models, Demonstrators, and Product Promoters",NA,"Models, demonstrators, and product promoters",4900,"41-9010","41","41-9000","41-9010"
"272",4920,4920,"Real Estate Brokers and Sales Agents",NA,"Real estate brokers and sales agents",4920,"41-9020","41","41-9000","41-9020"
"273",4930,4930,"Sales Engineers",NA,"Sales engineers",4930,"41-9031","41","41-9000","41-9030"
"274",4940,4940,"Telemarketers",NA,"Telemarketers",4940,"41-9041","41","41-9000","41-9040"
"275",4950,4950,"Door-to-Door Sales Workers, News and Street Vendors, and Related Workers",NA,"Door-to-door sales workers, news and street vendors, and related workers",4950,"41-9091","41","41-9000","41-9090"
"276",4965,4965,"Sales and Related Workers, All Other",NA,"Sales and related workers, all other",4965,"41-9099","41","41-9000","41-9090"
"277",5000,5000,"First-Line Supervisors of Office and Administrative Support Workers",NA,"First-line supervisors of office and administrative support workers",5000,"43-1011","43","43-1000","43-1010"
"278",5010,5010,"Switchboard Operators, Including Answering Service",NA,"Switchboard operators, including answering service",5010,"43-2011","43","43-2000","43-2010"
"279",5020,5020,"Telephone Operators",NA,"Telephone operators",5020,"43-2021","43","43-2000","43-2020"
"280",5030,5030,"Communications Equipment Operators, All Other",NA,"Communications equipment operators, all other",5030,"43-2099","43","43-2000","43-2090"
"281",5100,5100,"Bill and Account Collectors",NA,"Bill and account collectors",5100,"43-3011","43","43-3000","43-3010"
"282",5110,5110,"Billing and Posting Clerks",NA,"Billing and posting clerks",5110,"43-3021","43","43-3000","43-3020"
"283",5120,5120,"Bookkeeping, Accounting, and Auditing Clerks",NA,"Bookkeeping, accounting, and auditing clerks",5120,"43-3031","43","43-3000","43-3030"
"284",5130,5130,"Gaming Cage Workers",NA,"Gaming cage workers",5130,"43-3041","43","43-3000","43-3040"
"285",5140,5140,"Payroll and Timekeeping Clerks",NA,"Payroll and timekeeping clerks",5140,"43-3051","43","43-3000","43-3050"
"286",5150,5150,"Procurement Clerks",NA,"Procurement clerks",5150,"43-3061","43","43-3000","43-3060"
"287",5160,5160,"Bank Tellers",NA,"Tellers",5160,"43-3071","43","43-3000","43-3070"
"288",5165,5165,"Financial Clerks, nec",NA,"Financial clerks, all other",5165,"43-3099","43","43-3000","43-3090"
"289",5200,5200,"Brokerage Clerks",NA,"Brokerage clerks",5200,"43-4011","43","43-4000","43-4010"
"290",5210,5200,"5210",NA,"Correspondence clerks",5210,"43-4021","43","43-4000","43-4020"
"291",5220,5220,"Court, Municipal, and License Clerks",NA,"Court, municipal, and license clerks",5220,"43-4031","43","43-4000","43-4030"
"292",5230,5230,"Credit Authorizers, Checkers, and Clerks",NA,"Credit authorizers, checkers, and clerks",5230,"43-4041","43","43-4000","43-4040"
"293",5240,5240,"Customer Service Representatives",NA,"Customer service representatives",5240,"43-4051","43","43-4000","43-4050"
"294",5250,5250,"Eligibility Interviewers, Government Programs",NA,"Eligibility interviewers, government programs",5250,"43-4061","43","43-4000","43-4060"
"295",5260,5260,"File Clerks",NA,"File clerks",5260,"43-4071","43","43-4000","43-4070"
"296",5300,5300,"Hotel, Motel, and Resort Desk Clerks",NA,"Hotel, motel, and resort desk clerks",5300,"43-4081","43","43-4000","43-4080"
"297",5310,5310,"Interviewers, Except Eligibility and Loan",NA,"Interviewers, except eligibility and loan",5310,"43-4111","43","43-4000","43-4110"
"298",5320,5320,"Library Assistants, Clerical",NA,"Library assistants, clerical",5320,"43-4121","43","43-4000","43-4120"
"299",5330,5330,"Loan Interviewers and Clerks",NA,"Loan interviewers and clerks",5330,"43-4131","43","43-4000","43-4130"
"300",5340,5340,"New Account Clerks",NA,"New accounts clerks",5340,"43-4141","43","43-4000","43-4140"
"301",5350,5350,"Correspondent clerks and order clerks",NA,"Order clerks",5350,"43-4151","43","43-4000","43-4150"
"302",5360,5360,"Human Resources Assistants, Except Payroll and Timekeeping",NA,"Human resources assistants, except payroll and timekeeping",5360,"43-4161","43","43-4000","43-4160"
"303",5400,5400,"Receptionists and Information Clerks",NA,"Receptionists and information clerks",5400,"43-4171","43","43-4000","43-4170"
"304",5410,5410,"Reservation and Transportation Ticket Agents and Travel Clerks",NA,"Reservation and transportation ticket agents and travel clerks",5410,"43-4181","43","43-4000","43-4180"
"305",5420,5420,"Information and Record Clerks, All Other",NA,"Information and record clerks, all other",5420,"43-4199","43","43-4000","43-4190"
"306",5500,5500,"Cargo and Freight Agents",NA,"Cargo and freight agents",5500,"43-5011","43","43-5000","43-5010"
"307",5510,5510,"Couriers and Messengers",NA,"Couriers and messengers",5510,"43-5021","43","43-5000","43-5020"
"308",5520,5520,"Dispatchers",NA,"Dispatchers",5520,"43-5030","43","43-5000","43-5030"
"309",5530,5530,"Meter Readers, Utilities",NA,"Meter readers, utilities",5530,"43-5041","43","43-5000","43-5040"
"310",5540,5540,"Postal Service Clerks",NA,"Postal service clerks",5540,"43-5051","43","43-5000","43-5050"
"311",5550,5550,"Postal Service Mail Carriers",NA,"Postal service mail carriers",5550,"43-5052","43","43-5000","43-5050"
"312",5560,5560,"Postal Service Mail Sorters, Processors, and Processing Machine Operators",NA,"Postal service mail sorters, processors, and processing machine operators",5560,"43-5053","43","43-5000","43-5050"
"313",5600,5600,"Production, Planning, and Expediting Clerks",NA,"Production, planning, and expediting clerks",5600,"43-5061","43","43-5000","43-5060"
"314",5610,5610,"Shipping, Receiving, and Traffic Clerks",NA,"Shipping, receiving, and traffic clerks",5610,"43-5071","43","43-5000","43-5070"
"315",5620,5620,"Stock Clerks and Order Fillers",NA,"Stock clerks and order fillers",5620,"43-5081","43","43-5000","43-5080"
"316",5630,5630,"Weighers, Measurers, Checkers, and Samplers, Recordkeeping",NA,"Weighers, measurers, checkers, and samplers, recordkeeping",5630,"43-5111","43","43-5000","43-5110"
"317",5700,5700,"Secretaries and Administrative Assistants",NA,"Secretaries and administrative assistants",5700,"43-6010","43","43-6000","43-6010"
"318",5800,5800,"Computer Operators",NA,"Computer operators",5800,"43-9011","43","43-9000","43-9010"
"319",5810,5810,"Data Entry Keyers",NA,"Data entry keyers",5810,"43-9021","43","43-9000","43-9020"
"320",5820,5820,"Word Processors and Typists",NA,"Word processors and typists",5820,"43-9022","43","43-9000","43-9020"
"321",5830,5820,"5830",NA,"Desktop publishers",5830,"43-9031","43","43-9000","43-9030"
"322",5840,5840,"Insurance Claims and Policy Processing Clerks",NA,"Insurance claims and policy processing clerks",5840,"43-9041","43","43-9000","43-9040"
"323",5850,5850,"Mail Clerks and Mail Machine Operators, Except Postal Service",NA,"Mail clerks and mail machine operators, except postal service",5850,"43-9051","43","43-9000","43-9050"
"324",5860,5860,"Office Clerks, General",NA,"Office clerks, general",5860,"43-9061","43","43-9000","43-9060"
"325",5900,5900,"Office Machine Operators, Except Computer",NA,"Office machine operators, except computer",5900,"43-9071","43","43-9000","43-9070"
"326",5910,5910,"Proofreaders and Copy Markers",NA,"Proofreaders and copy markers",5910,"43-9081","43","43-9000","43-9080"
"327",5920,5920,"Statistical Assistants",NA,"Statistical assistants",5920,"43-9111","43","43-9000","43-9110"
"328",5940,5940,"Office and administrative support workers, nec",NA,"Office and administrative support workers, all other",5940,"43-9199","43","43-9000","43-9190"
"329",6005,6005,"First-Line Supervisors of Farming, Fishing, and Forestry Workers",NA,"First-line supervisors of farming, fishing, and forestry workers",6005,"45-1011","45","45-1000","45-1010"
"330",6010,6010,"Agricultural Inspectors",NA,"Agricultural inspectors",6010,"45-2011","45","45-2000","45-2010"
"331",6020,6010,"6020",NA,"Animal breeders",6020,"45-2021","45","45-2000","45-2020"
"332",6040,6040,"Graders and Sorters, Agricultural Products",NA,"Graders and sorters, agricultural products",6040,"45-2041","45","45-2000","45-2040"
"333",6050,6050,"Agricultural workers, nec",NA,"Miscellaneous agricultural workers",6050,"45-2090","45","45-2000","45-2090"
"334",6120,6120,"Forest and Conservation Workers",NA,"Forest and conservation workers",6120,"45-4011","45","45-4000","45-4010"
"335",6130,6130,"Logging Workers",NA,"Logging workers",6130,"45-4020","45","45-4000","45-4020"
"336",6200,6200,"First-Line Supervisors of Construction Trades and Extraction Workers",NA,"First-line supervisors of construction trades and extraction workers",6200,"47-1011","47","47-1000","47-1010"
"337",6210,6210,"Boilermakers",NA,"Boilermakers",6210,"47-2011","47","47-2000","47-2010"
"338",6220,6220,"Brickmasons, Blockmasons, and Stonemasons",NA,"Brickmasons, blockmasons, and stonemasons",6220,"47-2020","47","47-2000","47-2020"
"339",6230,6230,"Carpenters",NA,"Carpenters",6230,"47-2031","47","47-2000","47-2030"
"340",6240,6240,"Carpet, Floor, and Tile Installers and Finishers",NA,"Carpet, floor, and tile installers and finishers",6240,"47-2040","47","47-2000","47-2040"
"341",6250,6250,"Cement Masons, Concrete Finishers, and Terrazzo Workers",NA,"Cement masons, concrete finishers, and terrazzo workers",6250,"47-2050","47","47-2000","47-2050"
"342",6260,6260,"Construction Laborers",NA,"Construction laborers",6260,"47-2061","47","47-2000","47-2060"
"343",6300,6300,"Paving, Surfacing, and Tamping Equipment Operators",NA,"Paving, surfacing, and tamping equipment operators",6300,"47-2071","47","47-2000","47-2070"
"344",6310,6300,"6310",NA,"Pile-driver operators",6310,"47-2072","47","47-2000","47-2070"
"345",6320,6320,"Construction equipment operators except paving, surfacing, and tamping equipment operators",NA,"Operating engineers and other construction equipment operators",6320,"47-2073","47","47-2000","47-2070"
"346",6330,6330,"Drywall Installers, Ceiling Tile Installers, and Tapers",NA,"Drywall installers, ceiling tile installers, and tapers",6330,"47-2080","47","47-2000","47-2080"
"347",6355,6355,"Electricians",NA,"Electricians",6355,"47-2111","47","47-2000","47-2110"
"348",6360,6360,"Glaziers",NA,"Glaziers",6360,"47-2121","47","47-2000","47-2120"
"349",6400,6400,"Insulation Workers",NA,"Insulation workers",6400,"47-2130","47","47-2000","47-2130"
"350",6420,6420,"Painters, Construction and Maintenance",NA,"Painters, construction and maintenance",6420,"47-2141","47","47-2000","47-2140"
"351",6430,6430,"Paperhangers",NA,"Paperhangers",6430,"47-2142","47","47-2000","47-2140"
"352",6440,6440,"Pipelayers, Plumbers, Pipefitters, and Steamfitters",NA,"Pipelayers, plumbers, pipefitters, and steamfitters",6440,"47-2150","47","47-2000","47-2150"
"353",6460,6460,"Plasterers and Stucco Masons",NA,"Plasterers and stucco masons",6460,"47-2161","47","47-2000","47-2160"
"354",6500,6500,"Reinforcing Iron and Rebar Workers",NA,"Reinforcing iron and rebar workers",6500,"47-2171","47","47-2000","47-2170"
"355",6515,6515,"Roofers",NA,"Roofers",6515,"47-2181","47","47-2000","47-2180"
"356",6520,6520,"Sheet Metal Workers, metal-working",NA,"Sheet metal workers",6520,"47-2211","47","47-2000","47-2210"
"357",6530,6530,"Structural Iron and Steel Workers",NA,"Structural iron and steel workers",6530,"47-2221","47","47-2000","47-2220"
"358",6540,6530,"6540",NA,"Solar photovoltaic installers",6540,"47-2231","47","47-2000","47-2230"
"359",6600,6600,"Helpers, Construction Trades",NA,"Helpers, construction trades",6600,"47-3010","47","47-3000","47-3010"
"360",6660,6660,"Construction and Building Inspectors",NA,"Construction and building inspectors",6660,"47-4011","47","47-4000","47-4010"
"361",6700,6700,"Elevator Installers and Repairers",NA,"Elevator installers and repairers",6700,"47-4021","47","47-4000","47-4020"
"362",6710,6710,"Fence Erectors",NA,"Fence erectors",6710,"47-4031","47","47-4000","47-4030"
"363",6720,6720,"Hazardous Materials Removal Workers",NA,"Hazardous materials removal workers",6720,"47-4041","47","47-4000","47-4040"
"364",6730,6730,"Highway Maintenance Workers",NA,"Highway maintenance workers",6730,"47-4051","47","47-4000","47-4050"
"365",6740,6740,"Rail-Track Laying and Maintenance Equipment Operators",NA,"Rail-track laying and maintenance equipment operators",6740,"47-4061","47","47-4000","47-4060"
"366",6750,6740,"6750",NA,"Septic tank servicers and sewer pipe cleaners",6750,"47-4071","47","47-4000","47-4070"
"367",6765,6765,"Construction workers, nec",NA,"Miscellaneous construction and related workers",6765,"47-4090","47","47-4000","47-4090"
"368",6800,6800,"Derrick, rotary drill, and service unit operators, and roustabouts, oil, gas, and mining",NA,"Derrick, rotary drill, and service unit operators, oil, gas, and mining",6800,"47-5010","47","47-5000","47-5010"
"369",6820,6820,"Earth Drillers, Except Oil and Gas",NA,"Earth drillers, except oil and gas",6820,"47-5021","47","47-5000","47-5020"
"370",6830,6830,"Explosives Workers, Ordnance Handling Experts, and Blasters",NA,"Explosives workers, ordnance handling experts, and blasters",6830,"47-5031","47","47-5000","47-5030"
"371",6840,6840,"Mining Machine Operators",NA,"Mining machine operators",6840,"47-5040","47","47-5000","47-5040"
"372",6910,6840,"6910",NA,"Roof bolters, mining",6910,"47-5061","47","47-5000","47-5060"
"373",6920,6840,"6920",NA,"Roustabouts, oil and gas",6920,"47-5071","47","47-5000","47-5070"
"374",6930,6840,"6930",NA,"Helpers--extraction workers",6930,"47-5081","47","47-5000","47-5080"
"375",6940,6940,"Extraction workers, nec",NA,"Other extraction workers",6940,"47-50XX","47","47-5000","47-50X0"
"376",7000,7000,"First-Line Supervisors of Mechanics, Installers, and Repairers",NA,"First-line supervisors of mechanics, installers, and repairers",7000,"49-1011","49","49-1000","49-1010"
"377",7010,7010,"Computer, Automated Teller, and Office Machine Repairers",NA,"Computer, automated teller, and office machine repairers",7010,"49-2011","49","49-2000","49-2010"
"378",7020,7020,"Radio and Telecommunications Equipment Installers and Repairers",NA,"Radio and telecommunications equipment installers and repairers",7020,"49-2020","49","49-2000","49-2020"
"379",7030,7030,"Avionics Technicians",NA,"Avionics technicians",7030,"49-2091","49","49-2000","49-2090"
"380",7040,7040,"Electric Motor, Power Tool, and Related Repairers",NA,"Electric motor, power tool, and related repairers",7040,"49-2092","49","49-2000","49-2090"
"381",7050,7040,"7050",NA,"Electrical and electronics installers and repairers, transportation equipment",7050,"49-2093","49","49-2000","49-2090"
"382",7100,7100,"Electrical and electronics repairers, transportation equipment, and industrial and utility",NA,"Electrical and electronics repairers, industrial and utility",7100,"49-209X","49","49-2000","49-2090"
"383",7110,7110,"Electronic Equipment Installers and Repairers, Motor Vehicles",NA,"Electronic equipment installers and repairers, motor vehicles",7110,"49-2096","49","49-2000","49-2090"
"384",7120,7120,"Electronic Home Entertainment Equipment Installers and Repairers",NA,"Electronic home entertainment equipment installers and repairers",7120,"49-2097","49","49-2000","49-2090"
"385",7130,7130,"Security and Fire Alarm Systems Installers",NA,"Security and fire alarm systems installers",7130,"49-2098","49","49-2000","49-2090"
"386",7140,7140,"Aircraft Mechanics and Service Technicians",NA,"Aircraft mechanics and service technicians",7140,"49-3011","49","49-3000","49-3010"
"387",7150,7150,"Automotive Body and Related Repairers",NA,"Automotive body and related repairers",7150,"49-3021","49","49-3000","49-3020"
"388",7160,7160,"Automotive Glass Installers and Repairers",NA,"Automotive glass installers and repairers",7160,"49-3022","49","49-3000","49-3020"
"389",7200,7200,"Automotive Service Technicians and Mechanics",NA,"Automotive service technicians and mechanics",7200,"49-3023","49","49-3000","49-3020"
"390",7210,7210,"Bus and Truck Mechanics and Diesel Engine Specialists",NA,"Bus and truck mechanics and diesel engine specialists",7210,"49-3031","49","49-3000","49-3030"
"391",7220,7220,"Heavy Vehicle and Mobile Equipment Service Technicians and Mechanics",NA,"Heavy vehicle and mobile equipment service technicians and mechanics",7220,"49-3040","49","49-3000","49-3040"
"392",7240,7240,"Small Engine Mechanics",NA,"Small engine mechanics",7240,"49-3050","49","49-3000","49-3050"
"393",7260,7260,"Vehicle and Mobile Equipment Mechanics, Installers, and Repairers, nec",NA,"Miscellaneous vehicle and mobile equipment mechanics, installers, and repairers",7260,"49-3090","49","49-3000","49-3090"
"394",7300,7300,"Control and Valve Installers and Repairers",NA,"Control and valve installers and repairers",7300,"49-9010","49","49-9000","49-9010"
"395",7315,7315,"Heating, Air Conditioning, and Refrigeration Mechanics and Installers",NA,"Heating, air conditioning, and refrigeration mechanics and installers",7315,"49-9021","49","49-9000","49-9020"
"396",7320,7320,"Home Appliance Repairers",NA,"Home appliance repairers",7320,"49-9031","49","49-9000","49-9030"
"397",7330,7330,"Industrial and Refractory Machinery Mechanics",NA,"Industrial and refractory machinery mechanics",7330,"49-904X","49","49-9000","49-9040"
"398",7340,7340,"Maintenance and Repair Workers, General",NA,"Maintenance and repair workers, general",7340,"49-9071","49","49-9000","49-9070"
"399",7350,7350,"Maintenance Workers, Machinery",NA,"Maintenance workers, machinery",7350,"49-9043","49","49-9000","49-9040"
"400",7360,7360,"Millwrights",NA,"Millwrights",7360,"49-9044","49","49-9000","49-9040"
"401",7410,7410,"Electrical Power-Line Installers and Repairers",NA,"Electrical power-line installers and repairers",7410,"49-9051","49","49-9000","49-9050"
"402",7420,7420,"Telecommunications Line Installers and Repairers",NA,"Telecommunications line installers and repairers",7420,"49-9052","49","49-9000","49-9050"
"403",7430,7430,"Precision Instrument and Equipment Repairers",NA,"Precision instrument and equipment repairers",7430,"49-9060","49","49-9000","49-9060"
"404",7440,7430,"7440",NA,"Wind turbine service technicians",7440,"49-9081","49","49-9000","49-9080"
"405",7510,7510,"Coin, Vending, and Amusement Machine Servicers and Repairers",NA,"Coin, vending, and amusement machine servicers and repairers",7510,"49-9091","49","49-9000","49-9090"
"406",7520,7510,"7520",NA,"Commercial divers",7520,"49-9092","49","49-9000","49-9090"
"407",7540,7540,"Locksmiths and Safe Repairers",NA,"Locksmiths and safe repairers",7540,"49-9094","49","49-9000","49-9090"
"408",7550,7550,"Manufactured Building and Mobile Home Installers",NA,"Manufactured building and mobile home installers",7550,"49-9095","49","49-9000","49-9090"
"409",7560,7560,"Riggers",NA,"Riggers",7560,"49-9096","49","49-9000","49-9090"
"410",7600,7560,"7600",NA,"Signal and track switch repairers",7600,"49-9097","49","49-9000","49-9090"
"411",7610,7610,"Helpers--Installation, Maintenance, and Repair Workers",NA,"Helpers--installation, maintenance, and repair workers",7610,"49-9098","49","49-9000","49-9090"
"412",7630,7630,"Other Installation, Maintenance, and Repair Workers Including Wind Turbine Service Technicians, and Commercial Divers, and Signal and Track Switch Repairers",NA,"Other installation, maintenance, and repair workers",7630,"49-909X","49","49-9000","49-9090"
"413",7700,7700,"First-Line Supervisors of Production and Operating Workers",NA,"First-line supervisors of production and operating workers",7700,"51-1011","51","51-1000","51-1010"
"414",7710,7710,"Aircraft Structure, Surfaces, Rigging, and Systems Assemblers",NA,"Aircraft structure, surfaces, rigging, and systems assemblers",7710,"51-2011","51","51-2000","51-2010"
"415",7720,7720,"Electrical, Electronics, and Electromechanical Assemblers",NA,"Electrical, electronics, and electromechanical assemblers",7720,"51-2020","51","51-2000","51-2020"
"416",7730,7730,"Engine and Other Machine Assemblers",NA,"Engine and other machine assemblers",7730,"51-2031","51","51-2000","51-2030"
"417",7740,7740,"Structural Metal Fabricators and Fitters",NA,"Structural metal fabricators and fitters",7740,"51-2041","51","51-2000","51-2040"
"418",7750,7750,"Assemblers and Fabricators, nec",NA,"Miscellaneous assemblers and fabricators",7750,"51-2090","51","51-2000","51-2090"
"419",7800,7800,"Bakers",NA,"Bakers",7800,"51-3011","51","51-3000","51-3010"
"420",7810,7810,"Butchers and Other Meat, Poultry, and Fish Processing Workers",NA,"Butchers and other meat, poultry, and fish processing workers",7810,"51-3020","51","51-3000","51-3020"
"421",7830,7830,"Food and Tobacco Roasting, Baking, and Drying Machine Operators and Tenders",NA,"Food and tobacco roasting, baking, and drying machine operators and tenders",7830,"51-3091","51","51-3000","51-3090"
"422",7840,7840,"Food Batchmakers",NA,"Food batchmakers",7840,"51-3092","51","51-3000","51-3090"
"423",7850,7850,"Food Cooking Machine Operators and Tenders",NA,"Food cooking machine operators and tenders",7850,"51-3093","51","51-3000","51-3090"
"424",7855,7855,"Food Processing, nec",NA,"Food processing workers, all other",7855,"51-3099","51","51-3000","51-3090"
"425",7900,7900,"Computer Control Programmers and Operators",NA,"Computer control programmers and operators",7900,"51-4010","51","51-4000","51-4010"
"426",7920,7920,"Extruding and Drawing Machine Setters, Operators, and Tenders, Metal and Plastic",NA,"Extruding and drawing machine setters, operators, and tenders, metal and plastic",7920,"51-4021","51","51-4000","51-4020"
"427",7930,7930,"Forging Machine Setters, Operators, and Tenders, Metal and Plastic",NA,"Forging machine setters, operators, and tenders, metal and plastic",7930,"51-4022","51","51-4000","51-4020"
"428",7940,7940,"Rolling Machine Setters, Operators, and Tenders, metal and Plastic",NA,"Rolling machine setters, operators, and tenders, metal and plastic",7940,"51-4023","51","51-4000","51-4020"
"429",7950,7950,"Cutting, Punching, and Press Machine Setters, Operators, and Tenders, Metal and Plastic",NA,"Cutting, punching, and press machine setters, operators, and tenders, metal and plastic",7950,"51-4031","51","51-4000","51-4030"
"430",7960,7960,"Drilling and Boring Machine Tool Setters, Operators, and Tenders, Metal and Plastic",NA,"Drilling and boring machine tool setters, operators, and tenders, metal and plastic",7960,"51-4032","51","51-4000","51-4030"
"431",8000,8000,"Grinding, Lapping, Polishing, and Buffing Machine Tool Setters, Operators, and Tenders, Metal and Plastic",NA,"Grinding, lapping, polishing, and buffing machine tool setters, operators, and tenders, metal and plastic",8000,"51-4033","51","51-4000","51-4030"
"432",8010,8010,"Lathe and Turning Machine Tool Setters, Operators, and Tenders, Metal and Plastic",NA,"Lathe and turning machine tool setters, operators, and tenders, metal and plastic",8010,"51-4034","51","51-4000","51-4030"
"433",8020,8010,"8020",NA,"Milling and planing machine setters, operators, and tenders, metal and plastic",8020,"51-4035","51","51-4000","51-4030"
"434",8030,8030,"Machinists",NA,"Machinists",8030,"51-4041","51","51-4000","51-4040"
"435",8040,8040,"Metal Furnace Operators, Tenders, Pourers, and Casters",NA,"Metal furnace operators, tenders, pourers, and casters",8040,"51-4050","51","51-4000","51-4050"
"436",8060,8060,"Model Makers and Patternmakers, Metal and Plastic",NA,"Model makers and patternmakers, metal and plastic",8060,"51-4060","51","51-4000","51-4060"
"437",8100,8100,"Molders and Molding Machine Setters, Operators, and Tenders, Metal and Plastic",NA,"Molders and molding machine setters, operators, and tenders, metal and plastic",8100,"51-4070","51","51-4000","51-4070"
"438",8120,8100,"8120",NA,"Multiple machine tool setters, operators, and tenders, metal and plastic",8120,"51-4081","51","51-4000","51-4080"
"439",8130,8130,"Tool and Die Makers",NA,"Tool and die makers",8130,"51-4111","51","51-4000","51-4110"
"440",8140,8140,"Welding, Soldering, and Brazing Workers",NA,"Welding, soldering, and brazing workers",8140,"51-4120","51","51-4000","51-4120"
"441",8150,8150,"Heat Treating Equipment Setters, Operators, and Tenders, Metal and Plastic",NA,"Heat treating equipment setters, operators, and tenders, metal and plastic",8150,"51-4191","51","51-4000","51-4190"
"442",8160,8150,"8160",NA,"Layout workers, metal and plastic",8160,"51-4192","51","51-4000","51-4190"
"443",8200,8200,"Plating and Coating Machine Setters, Operators, and Tenders, Metal and Plastic",NA,"Plating and coating machine setters, operators, and tenders, metal and plastic",8200,"51-4193","51","51-4000","51-4190"
"444",8210,8210,"Tool Grinders, Filers, and Sharpeners",NA,"Tool grinders, filers, and sharpeners",8210,"51-4194","51","51-4000","51-4190"
"445",8220,8220,"Metal workers and plastic workers, nec",NA,"Metal workers and plastic workers, all other",8220,"51-4199","51","51-4000","51-4190"
"446",8250,8250,"Prepress Technicians and Workers",NA,"Prepress technicians and workers",8250,"51-5111","51","51-5000","51-5110"
"447",8255,8250,"8255",NA,"Printing press operators",8255,"51-5112","51","51-5000","51-5110"
"448",8256,8250,"8256",NA,"Print binding and finishing workers",8256,"51-5113","51","51-5000","51-5110"
"449",8300,8300,"Laundry and Dry-Cleaning Workers",NA,"Laundry and dry-cleaning workers",8300,"51-6011","51","51-6000","51-6010"
"450",8310,8310,"Pressers, Textile, Garment, and Related Materials",NA,"Pressers, textile, garment, and related materials",8310,"51-6021","51","51-6000","51-6020"
"451",8320,8320,"Sewing Machine Operators",NA,"Sewing machine operators",8320,"51-6031","51","51-6000","51-6030"
"452",8330,8330,"Shoe and Leather Workers and Repairers",NA,"Shoe and leather workers and repairers",8330,"51-6041","51","51-6000","51-6040"
"453",8340,8340,"Shoe Machine Operators and Tenders",NA,"Shoe machine operators and tenders",8340,"51-6042","51","51-6000","51-6040"
"454",8350,8350,"Tailors, Dressmakers, and Sewers",NA,"Tailors, dressmakers, and sewers",8350,"51-6050","51","51-6000","51-6050"
"455",8360,8350,"8360",NA,"Textile bleaching and dyeing machine operators and tenders",8360,"51-6061","51","51-6000","51-6060"
"456",8400,8400,"Textile bleaching and dyeing, and cutting machine setters, operators, and tenders",NA,"Textile cutting machine setters, operators, and tenders",8400,"51-6062","51","51-6000","51-6060"
"457",8410,8410,"Textile Knitting and Weaving Machine Setters, Operators, and Tenders",NA,"Textile knitting and weaving machine setters, operators, and tenders",8410,"51-6063","51","51-6000","51-6060"
"458",8420,8420,"Textile Winding, Twisting, and Drawing Out Machine Setters, Operators, and Tenders",NA,"Textile winding, twisting, and drawing out machine setters, operators, and tenders",8420,"51-6064","51","51-6000","51-6060"
"459",8430,8420,"8430",NA,"Extruding and forming machine setters, operators, and tenders, synthetic and glass fibers",8430,"51-6091","51","51-6000","51-6090"
"460",8440,8420,"8440",NA,"Fabric and apparel patternmakers",8440,"51-6092","51","51-6000","51-6090"
"461",8450,8450,"Upholsterers",NA,"Upholsterers",8450,"51-6093","51","51-6000","51-6090"
"462",8460,8460,"Textile, Apparel, and Furnishings workers, nec",NA,"Textile, apparel, and furnishings workers, all other",8460,"51-6099","51","51-6000","51-6090"
"463",8500,8500,"Cabinetmakers and Bench Carpenters",NA,"Cabinetmakers and bench carpenters",8500,"51-7011","51","51-7000","51-7010"
"464",8510,8510,"Furniture Finishers",NA,"Furniture finishers",8510,"51-7021","51","51-7000","51-7020"
"465",8530,8530,"Sawing Machine Setters, Operators, and Tenders, Wood",NA,"Sawing machine setters, operators, and tenders, wood",8530,"51-7041","51","51-7000","51-7040"
"466",8540,8540,"Woodworking Machine Setters, Operators, and Tenders, Except Sawing",NA,"Woodworking machine setters, operators, and tenders, except sawing",8540,"51-7042","51","51-7000","51-7040"
"467",8550,8550,"Woodworkers including model makers and patternmakers, nec",NA,"Woodworkers, all other",8550,"51-7099","51","51-7000","51-7090"
"468",8600,8600,"Power Plant Operators, Distributors, and Dispatchers",NA,"Power plant operators, distributors, and dispatchers",8600,"51-8010","51","51-8000","51-8010"
"469",8610,8610,"Stationary Engineers and Boiler Operators",NA,"Stationary engineers and boiler operators",8610,"51-8021","51","51-8000","51-8020"
"470",8620,8620,"Water Wastewater Treatment Plant and System Operators",NA,"Water and wastewater treatment plant and system operators",8620,"51-8031","51","51-8000","51-8030"
"471",8630,8630,"Plant and System Operators, nec",NA,"Miscellaneous plant and system operators",8630,"51-8090","51","51-8000","51-8090"
"472",8640,8640,"Chemical Processing Machine Setters, Operators, and Tenders",NA,"Chemical processing machine setters, operators, and tenders",8640,"51-9010","51","51-9000","51-9010"
"473",8650,8650,"Crushing, Grinding, Polishing, Mixing, and Blending Workers",NA,"Crushing, grinding, polishing, mixing, and blending workers",8650,"51-9020","51","51-9000","51-9020"
"474",8710,8710,"Cutting Workers",NA,"Cutting workers",8710,"51-9030","51","51-9000","51-9030"
"475",8720,8720,"Extruding, Forming, Pressing, and Compacting Machine Setters, Operators, and Tenders",NA,"Extruding, forming, pressing, and compacting machine setters, operators, and tenders",8720,"51-9041","51","51-9000","51-9040"
"476",8730,8730,"Furnace, Kiln, Oven, Drier, and Kettle Operators and Tenders",NA,"Furnace, kiln, oven, drier, and kettle operators and tenders",8730,"51-9051","51","51-9000","51-9050"
"477",8740,8740,"Inspectors, Testers, Sorters, Samplers, and Weighers",NA,"Inspectors, testers, sorters, samplers, and weighers",8740,"51-9061","51","51-9000","51-9060"
"478",8750,8750,"Jewelers and Precious Stone and Metal Workers",NA,"Jewelers and precious stone and metal workers",8750,"51-9071","51","51-9000","51-9070"
"479",8760,8760,"Medical, Dental, and Ophthalmic Laboratory Technicians",NA,"Medical, dental, and ophthalmic laboratory technicians",8760,"51-9080","51","51-9000","51-9080"
"480",8800,8800,"Packaging and Filling Machine Operators and Tenders",NA,"Packaging and filling machine operators and tenders",8800,"51-9111","51","51-9000","51-9110"
"481",8810,8810,"Painting Workers and Dyers",NA,"Painting workers",8810,"51-9120","51","51-9000","51-9120"
"482",8830,8830,"Photographic Process Workers and Processing Machine Operators",NA,"Photographic process workers and processing machine operators",8830,"51-9151","51","51-9000","51-9150"
"483",8840,8830,"8840",NA,"Semiconductor processors",8840,"51-9141","51","51-9000","51-9140"
"484",8850,8850,"Adhesive Bonding Machine Operators and Tenders",NA,"Adhesive bonding machine operators and tenders",8850,"51-9191","51","51-9000","51-9190"
"485",8860,8860,"Cleaning, Washing, and Metal Pickling Equipment Operators and Tenders",NA,"Cleaning, washing, and metal pickling equipment operators and tenders",8860,"51-9192","51","51-9000","51-9190"
"486",8900,8860,"8900",NA,"Cooling and freezing equipment operators and tenders",8900,"51-9193","51","51-9000","51-9190"
"487",8910,8910,"Etchers, Engravers, and Lithographers",NA,"Etchers and engravers",8910,"51-9194","51","51-9000","51-9190"
"488",8920,8920,"Molders, Shapers, and Casters, Except Metal and Plastic",NA,"Molders, shapers, and casters, except metal and plastic",8920,"51-9195","51","51-9000","51-9190"
"489",8930,8930,"Paper Goods Machine Setters, Operators, and Tenders",NA,"Paper goods machine setters, operators, and tenders",8930,"51-9196","51","51-9000","51-9190"
"490",8940,8940,"Tire Builders",NA,"Tire builders",8940,"51-9197","51","51-9000","51-9190"
"491",8950,8950,"Helpers--Production Workers",NA,"Helpers--production workers",8950,"51-9198","51","51-9000","51-9190"
"492",8965,8965,"Other production workers including semiconductor processors and cooling and freezing equipment operators",NA,"Production workers, all other",8965,"51-9199","51","51-9000","51-9190"
"493",9000,9000,"Supervisors of Transportation and Material Moving Workers",NA,"Supervisors of transportation and material moving workers",9000,"53-1000","53","53-1000","53-1000"
"494",9030,9030,"Aircraft Pilots and Flight Engineers",NA,"Aircraft pilots and flight engineers",9030,"53-2010","53","53-2000","53-2010"
"495",9040,9040,"Air Traffic Controllers and Airfield Operations Specialists",NA,"Air traffic controllers and airfield operations specialists",9040,"53-2020","53","53-2000","53-2020"
"496",9050,9050,"Flight Attendants and Transportation Workers and Attendants",NA,"Flight attendants",9050,"53-2031","53","53-2000","53-2030"
"497",9110,9100,"9110",NA,"Ambulance drivers and attendants, except emergency medical technicians",9110,"53-3011","53","53-3000","53-3010"
"498",9120,9100,"9120",NA,"Bus drivers",9120,"53-3020","53","53-3000","53-3020"
"499",9130,9130,"Driver/Sales Workers and Truck Drivers",NA,"Driver/sales workers and truck drivers",9130,"53-3030","53","53-3000","53-3030"
"500",9140,9140,"Taxi Drivers and Chauffeurs",NA,"Taxi drivers and chauffeurs",9140,"53-3041","53","53-3000","53-3040"
"501",9150,9150,"Motor Vehicle Operators, All Other",NA,"Motor vehicle operators, all other",9150,"53-3099","53","53-3000","53-3090"
"502",9200,9200,"Locomotive Engineers and Operators",NA,"Locomotive engineers and operators",9200,"53-4010","53","53-4000","53-4010"
"503",9230,9230,"Railroad Brake, Signal, and Switch Operators",NA,"Railroad brake, signal, and switch operators",9230,"53-4021","53","53-4000","53-4020"
"504",9240,9240,"Railroad Conductors and Yardmasters",NA,"Railroad conductors and yardmasters",9240,"53-4031","53","53-4000","53-4030"
"505",9260,9260,"Subway, Streetcar, and Other Rail Transportation Workers",NA,"Subway, streetcar, and other rail transportation workers",9260,"53-40XX","53","53-4000","53-40X0"
"506",9300,9300,"Sailors and marine oilers, and ship engineers",NA,"Sailors and marine oilers",9300,"53-5011","53","53-5000","53-5010"
"507",9310,9310,"Ship and Boat Captains and Operators",NA,"Ship and boat captains and operators",9310,"53-5020","53","53-5000","53-5020"
"508",9330,9310,"9330",NA,"Ship engineers",9330,"53-5031","53","53-5000","53-5030"
"509",9340,9310,"9340",NA,"Bridge and lock tenders",9340,"53-6011","53","53-6000","53-6010"
"510",9350,9350,"Parking Lot Attendants",NA,"Parking lot attendants",9350,"53-6021","53","53-6000","53-6020"
"511",9360,9360,"Automotive and Watercraft Service Attendants",NA,"Automotive and watercraft service attendants",9360,"53-6031","53","53-6000","53-6030"
"512",9410,9410,"Transportation Inspectors",NA,"Transportation inspectors",9410,"53-6051","53","53-6000","53-6050"
"513",9415,9410,"9415",NA,"Transportation attendants, except flight attendants",9415,"53-6061","53","53-6000","53-6060"
"514",9420,9420,"Transportation workers, nec",NA,"Other transportation workers",9420,"53-60XX","53","53-6000","53-60X0"
"515",9500,9420,"9500",NA,"Conveyor operators and tenders",9500,"53-7011","53","53-7000","53-7010"
"516",9510,9510,"Crane and Tower Operators",NA,"Crane and tower operators",9510,"53-7021","53","53-7000","53-7020"
"517",9520,9520,"Dredge, Excavating, and Loading Machine Operators",NA,"Dredge, excavating, and loading machine operators",9520,"53-7030","53","53-7000","53-7030"
"518",9560,9560,"Conveyor operators and tenders, and hoist and winch operators",NA,"Hoist and winch operators",9560,"53-7041","53","53-7000","53-7040"
"519",9600,9600,"Industrial Truck and Tractor Operators",NA,"Industrial truck and tractor operators",9600,"53-7051","53","53-7000","53-7050"
"520",9610,9610,"Cleaners of Vehicles and Equipment",NA,"Cleaners of vehicles and equipment",9610,"53-7061","53","53-7000","53-7060"
"521",9620,9620,"Laborers and Freight, Stock, and Material Movers, Hand",NA,"Laborers and freight, stock, and material movers, hand",9620,"53-7062","53","53-7000","53-7060"
"522",9630,9630,"Machine Feeders and Offbearers",NA,"Machine feeders and offbearers",9630,"53-7063","53","53-7000","53-7060"
"523",9640,9640,"Packers and Packagers, Hand",NA,"Packers and packagers, hand",9640,"53-7064","53","53-7000","53-7060"
"524",9650,9650,"Pumping Station Operators",NA,"Pumping station operators",9650,"53-7070","53","53-7000","53-7070"
"525",9720,9720,"Refuse and Recyclable Material Collectors",NA,"Refuse and recyclable material collectors",9720,"53-7081","53","53-7000","53-7080"
"526",9730,9720,"9730",NA,"Mine shuttle car operators",9730,"53-7111","53","53-7000","53-7110"
"527",9740,9720,"9740",NA,"Tank car, truck, and ship loaders",9740,"53-7121","53","53-7000","53-7120"
"528",9750,9750,"Material moving workers, nec",NA,"Material moving workers, all other",9750,"53-7199","53","53-7000","53-7190"
